word	cluster_num
monarch	10
upland	11
chair	10
cinder	15
anglican	4
exclaim	6
lim	1
steven	3
nicki	3
rough	8
christi	4
manila	15
alia	4
swarm	5
sur	2
scout	7
set	5
mobil	4
paz	2
rib	15
spectra	14
weather	6
rank	8
utah	3
worthless	6
coop	11
lass	10
antic	6
sofa	11
nico	4
duke	5
psych	14
squash	7
raymond	3
label	8
dimension	6
steamboat	11
trier	4
summon	5
baron	10
soo	1
kayla	4
guess	6
nape	15
mojo	6
fallout	6
frontal	15
stealth	10
bianca	4
whitney	3
global	8
chimney	15
wish	8
redwood	15
bridget	4
ty	2
brazilian	3
eduardo	3
chart	6
prevail	5
robust	8
bull	13
descend	5
dinosaur	15
dull	6
moist	15
sole	8
abbott	4
construct	5
tunnel	11
craft	11
maui	4
cao	4
journal	6
tech	8
unit	7
hometown	11
deter	5
tulsa	3
courtship	7
got	5
broken	5
ref	3
poorer	11
highest	8
lydia	4
southeast	11
warlord	10
gape	5
techno	9
hacker	14
gild	15
ec	2
sire	13
gill	15
coast	11
bailey	3
draper	4
sec	2
heidi	3
swung	5
theta	14
psychic	14
axel	15
affection	6
springfield	3
tier	15
high	8
cutler	4
jacob	3
strauss	4
museum	15
piano	9
quiver	6
slip	5
underwear	15
fist	6
cruz	3
hast	4
fiber	15
manhattan	3
interpret	5
hassan	4
mayor	8
ke	1
mediterranean	4
beak	15
protein	14
borrow	8
condor	13
from	8
encompass	5
plaza	11
glint	15
valor	11
dream	6
churn	5
frontier	11
helium	15
if	8
roast	15
earliest	8
mere	8
torah	10
sir	4
stale	6
address	6
ang	1
so	8
princess	10
cristina	4
seeker	10
want	8
detriment	6
error	6
site	8
aqueduct	11
salman	4
mick	5
melissa	3
welterweight	7
skirmish	6
musa	4
maestro	6
plank	8
signal	5
lebanon	3
adult	10
sooner	8
drown	11
hitter	7
warden	10
ice	7
gymnasium	11
moreno	4
godzilla	4
element	6
inject	5
cesar	3
neural	14
agreement	8
solicitor	10
judaism	4
wrestler	7
stout	8
sheep	13
mag	6
super	6
apex	8
ling	2
bermuda	15
schizophrenia	14
pascal	3
marx	4
hike	5
promo	6
crescent	15
coli	14
yuri	4
whoever	8
nintendo	15
could	8
stone	11
amo	2
jill	3
sunday	3
canada	3
paid	8
org	3
apprenticeship	7
interest	6
carolyn	3
rupert	4
dumb	6
haven	11
pal	10
moss	15
seoul	4
limerick	6
your	8
editor	10
rubber	15
chariot	11
troop	11
balloon	11
view	6
bono	2
bled	15
hid	10
attain	5
compact	15
millennia	10
monday	3
sneak	5
yoon	1
samantha	3
conform	5
retrospect	6
thyroid	14
dancer	9
pulp	15
zeppelin	11
herself	10
forbidden	5
ordeal	6
crore	4
bigger	8
knot	10
overview	5
monsieur	2
gameplay	15
richard	3
gown	15
bao	1
hyper	6
extend	5
swami	4
chennai	4
postal	11
both	8
ri	2
atv	4
che	2
rowan	15
quit	5
freshman	7
rune	10
novel	6
personnel	8
drastic	8
factual	14
saturn	4
sy	2
column	10
pepper	12
scholar	10
fighter	7
potent	15
coca	12
lemon	12
smiley	8
brennan	4
peak	8
ala	6
marina	11
shaken	5
cell	14
influx	5
weep	6
proper	8
texan	4
sunken	11
get	5
stronger	8
gentleman	4
earlier	8
karen	3
root	15
phrase	6
brant	11
reward	7
banda	4
public	8
gaston	4
cot	11
fuss	6
sleeper	7
speak	6
mosaic	15
epoch	6
rainforest	11
gymnast	9
him	10
scanner	15
sign	5
kitten	13
malik	4
teen	10
rebellion	6
ge	2
rapper	10
mythic	6
main	8
mccoy	4
finish	7
bea	2
tunic	15
racism	10
profession	8
murder	6
med	2
expand	5
winnipeg	4
brink	6
meridian	14
splendid	8
aboard	11
carter	3
shootout	15
tyler	3
ruin	5
conquest	6
job	8
trend	8
lennon	3
support	5
suburban	11
astonish	5
pregnant	10
surpass	5
mass	8
shake	5
judith	4
ford	2
straighten	5
count	8
julia	3
bullshit	6
hotel	11
oath	8
thom	4
grammar	6
derek	3
spin	5
clover	12
tilt	5
ambush	11
lam	10
reg	4
charleston	3
martian	14
taboo	6
collect	5
corona	14
volta	2
exact	8
bag	15
jem	4
born	10
graffiti	10
replica	8
luz	2
cake	12
chieftain	10
feet	11
accept	5
falcon	13
pu	2
herb	12
metric	6
boston	3
disk	15
chelsea	3
basement	11
sheath	15
bae	1
schmidt	4
protest	8
po	2
sphere	8
dread	6
symposium	7
tremor	6
rican	4
report	6
gem	15
rush	5
again	8
apart	8
stay	5
brood	11
homeland	11
lopez	3
scientist	10
ne	2
sulfur	15
vendor	8
art	15
sparta	4
peat	7
sim	15
ariel	11
quieter	8
loos	11
giant	8
permit	8
offset	5
document	6
espn	3
dwell	6
circular	15
benjamin	3
sing	9
mention	6
quintet	7
zack	3
ancestor	10
chamber	8
path	8
audit	8
boxer	7
shred	5
thong	15
cruel	6
drag	5
newton	3
zoom	15
choke	5
gilbert	3
rapid	8
lynn	3
victorian	6
attorney	10
trooper	10
thigh	15
wick	15
sorrow	6
fda	14
ibrahim	4
arctic	11
lot	8
chest	15
walter	3
indian	3
becker	4
amsterdam	4
sore	14
constrain	5
julio	4
russia	3
kari	4
shudder	6
particular	8
rack	8
anchor	6
palazzo	11
disbelief	6
colon	14
right	8
kiss	6
latin	3
written	6
gale	6
loki	4
hade	8
bush	15
ashton	4
bud	15
way	8
brand	8
tax	8
rage	6
sac	11
archaic	6
venezuela	3
horsemen	13
sidney	4
equip	5
conquer	6
joan	3
stephen	3
although	8
affect	5
spec	6
condemn	10
novo	4
breakout	7
claim	6
call	8
stair	15
trunk	11
passion	6
alarm	8
ale	12
northernmost	11
contradict	5
mad	6
hebrew	4
overthrow	10
room	11
del	2
ronald	4
moan	6
debt	8
golf	7
jessica	3
commit	5
zone	11
dina	4
align	5
linger	5
aqua	15
biker	7
stiffen	5
young	10
shoot	15
repeat	5
short	8
grace	6
banquet	7
reverend	10
career	7
info	8
wallet	15
lambda	14
embryo	10
indonesia	3
portray	5
coin	8
av	2
prom	7
kangaroo	13
media	6
dive	5
mock	8
lev	1
foolish	6
restart	5
disney	3
disappoint	5
affair	7
ascot	15
actor	10
bestow	5
sri	4
dewey	4
greg	3
hernandez	3
doin	6
mead	12
patterson	4
yeshiva	10
sling	5
adopt	5
fought	5
thousand	8
problem	6
larger	8
dine	12
earnest	8
euro	8
climax	8
daughter	10
bayou	11
swedish	3
newborn	10
drake	11
laugh	6
spartan	11
regret	6
blown	5
mystic	10
worst	8
bronx	4
forget	6
barbarian	10
decker	11
gradual	8
rand	8
wonderland	6
raj	4
shadow	8
val	2
hair	15
servant	10
lung	14
ro	2
kern	4
pond	11
epithet	6
california	3
cart	11
oyster	13
heller	4
yearn	5
rave	7
maximum	8
colorado	3
hold	5
taxi	11
march	8
ting	2
shone	15
wonder	6
jazz	9
rub	5
ole	4
vijay	4
glover	4
survey	6
coffe	2
scenario	6
grid	7
defunct	8
attend	5
moth	14
mug	12
fake	6
tablet	15
biggest	8
feat	7
bolivar	8
joanna	4
marquess	10
town	11
lola	10
faa	4
therapist	14
unearth	5
ipod	15
prick	5
canadian	3
finalist	7
distinct	8
below	8
nick	4
capita	8
vernon	4
ganga	4
hen	13
hip	15
gunner	11
depress	5
pitch	8
product	8
kent	3
outburst	6
waiver	8
ich	2
sprint	7
success	7
paint	15
outpost	11
guitarist	9
unknown	8
hollow	15
elect	5
myself	8
pip	7
govt	3
al	4
macdonald	4
ibm	3
drift	5
chapman	4
parish	10
forbid	5
refer	6
palmer	4
frighten	10
are	8
fission	15
some	8
sex	10
peer	8
nausea	14
gift	7
lump	15
vicar	10
pratt	4
leapt	5
brent	3
wait	5
demand	8
grant	7
eureka	6
bald	10
pic	6
wil	8
marcia	4
roster	7
non	7
dismiss	5
nice	8
detain	10
lip	15
provision	6
ao	2
reckon	6
mud	15
jax	4
begun	8
even	8
wanda	4
garcia	3
cafeteria	11
earl	10
deem	5
establish	5
tempo	6
portico	11
flap	6
atlanta	3
fossil	15
trademark	8
nostril	14
reprint	6
angular	15
defiant	6
pennsylvania	3
monica	4
isi	4
vibe	6
laurel	15
temp	10
run	8
skin	15
orthodox	10
gage	5
deepen	5
bruce	3
fit	8
championship	7
viet	4
bella	2
floyd	3
talon	15
unionist	10
regard	6
tung	1
nutrient	14
dod	4
canyon	11
jag	14
maker	8
cond	2
pink	15
ash	14
courtyard	11
hallmark	8
sabbath	10
concerto	9
bare	11
lisbon	4
beat	7
rel	2
mel	3
motorway	11
might	8
barack	4
unicorn	10
iso	3
limb	15
pension	8
midst	8
yep	6
piss	5
vol	14
ravi	4
cale	4
fearless	6
mend	5
stir	6
slit	15
mint	12
dylan	3
orchid	15
lad	10
rooster	13
onion	12
moral	6
dormant	8
lao	1
zac	3
bree	2
yawn	6
ligament	15
been	8
custom	5
do	8
mohammad	4
accent	6
restroom	11
versa	2
guilt	6
rachel	3
ua	2
dame	10
ocean	11
consult	5
amen	10
booth	11
clock	5
embarrass	10
drum	15
gave	5
foley	6
smug	6
stacey	4
suspend	5
nora	4
tan	15
jun	1
prosper	5
beam	15
broad	8
alway	2
liquid	15
leonardo	4
sou	2
ascend	7
bullock	13
access	8
shiva	10
spread	8
lena	4
ca	3
reader	10
stare	6
postwar	11
succumb	5
collar	15
medal	7
dammit	6
rum	12
stove	15
endow	5
wealth	11
actress	10
slalom	7
andrew	3
budget	8
sean	3
leonard	3
bien	2
farmland	11
umbrella	6
polar	11
barney	4
bentley	3
pete	3
airship	11
ferguson	3
black	15
diminish	5
herr	4
petroleum	15
perch	11
lunch	12
mexico	3
fish	13
symbol	15
furlong	13
meter	11
theologian	10
caress	10
trouser	15
council	8
planet	10
flirt	10
pointer	7
stylist	15
pitcher	7
cornish	3
voodoo	10
casey	3
iowa	3
sho	2
pluto	4
robot	10
heiress	10
amin	2
william	3
covet	5
shrink	5
camden	4
deborah	3
furious	6
mumbai	4
liaison	10
chung	1
kraft	15
lesson	7
laptop	15
ie	6
henderson	3
at	8
big	8
enlighten	5
finer	8
highland	11
northwestern	11
misunderstood	6
bend	5
somethin	6
per	8
caesar	2
laughter	6
crate	11
timeless	6
patio	11
decor	15
rite	10
co	8
mode	6
punk	9
chili	12
alley	11
countess	10
younger	10
toledo	4
featherweight	7
ramp	11
tucker	4
etch	14
disneyland	4
conflict	11
behavior	8
cost	8
barefoot	11
amanda	3
toilet	11
grate	15
piccolo	9
rumor	6
surf	7
rice	12
hang	5
trainer	13
cult	10
answer	6
agrarian	10
plead	8
tempest	6
exhibit	15
today	8
transport	11
australian	3
laser	15
kicker	7
swear	6
nouveau	2
monsoon	6
thud	6
mammal	13
easiest	8
hara	4
xiv	2
bonnet	11
graham	3
precursor	6
chinatown	4
violent	10
began	8
quicker	8
candid	6
dash	5
erupt	15
fame	7
fuel	15
hua	1
depend	8
porch	11
cereal	12
mild	8
buddhist	4
eighteenth	8
thirteenth	8
nine	8
ace	7
drug	12
seventeen	8
lust	6
hung	5
mast	11
bret	4
ive	2
davenport	6
unitarian	4
morn	8
harmless	8
reel	5
district	11
fargo	4
dexter	4
yellow	15
kan	2
hamlet	11
ten	8
bottom	8
hum	6
liv	2
crab	13
kick	7
taint	10
blacken	10
spare	8
bey	4
cow	13
woken	11
breakdown	8
shape	8
premier	8
carla	4
walt	3
against	8
cousin	10
internet	8
remark	6
deep	11
doorway	11
pendant	15
ceo	10
quarrel	6
exist	5
dar	4
propel	5
hindu	3
magnum	12
poetic	6
six	8
tug	5
demi	2
nueva	2
hannah	3
vanguard	8
ghost	8
albeit	8
steak	12
jolt	5
mira	2
across	8
lara	3
archipelago	11
thi	2
vice	10
tangent	6
freighter	11
wilkinson	4
ray	15
hadn	6
class	15
knight	10
aziz	4
bari	4
teaser	6
shouldn	6
pizza	12
toward	8
shay	2
marrow	14
few	8
ultra	6
swallow	5
orion	4
origin	8
hahn	4
lime	12
tallest	11
scuba	7
german	3
grayson	4
maureen	10
sheila	4
accident	6
sage	6
paradox	6
list	8
bubba	4
fear	6
raja	4
sort	8
explain	5
lindsey	3
est	2
popular	8
egypt	3
velvet	15
tank	11
blew	5
indonesian	4
except	8
brock	3
derelict	15
breakup	8
berg	2
roma	3
form	8
inward	8
watt	14
lawyer	10
counterattack	7
shen	1
mortal	8
blond	10
motor	11
groom	10
sprung	5
which	8
bent	5
brad	3
wireless	15
vu	2
flow	5
menu	12
evelyn	4
snooker	7
havana	4
prism	15
chi	14
congress	8
cooler	15
wit	6
taught	7
soap	15
dump	5
alicia	4
hiss	6
sar	4
nuevo	2
submit	8
sponsorship	7
chatter	6
week	8
spiral	8
grain	12
trailer	11
craftsmen	10
mal	2
accustom	5
amour	2
whitman	4
mater	8
american	3
intro	6
header	7
door	11
advent	6
lar	2
chore	7
basin	11
dal	4
heather	11
spring	8
hal	3
scotch	12
easter	4
tuba	9
cass	4
carmel	2
malaysia	3
hong	1
futur	4
correct	6
etc	6
trout	13
ep	6
newer	8
punch	5
brisk	8
buddha	4
thank	6
journalist	10
za	2
chile	12
reassign	5
excerpt	6
shop	11
backward	8
fuck	6
tuck	5
development	8
op	2
ko	1
gothic	9
deacon	10
comb	5
burton	3
meadow	11
safer	8
propos	2
barrett	3
ode	6
diaz	3
chet	4
afraid	6
reclaim	5
stall	5
contra	2
pay	8
threaten	5
hitch	6
prey	11
het	2
southwest	11
sailor	11
deaf	8
memo	6
bedrock	8
skier	7
won	7
ship	11
lion	13
herbal	12
neighborhood	11
ric	2
leadership	8
gavin	4
let	8
interact	5
doom	6
omaha	3
anti	10
criteria	6
invert	7
outlaw	5
waist	15
northbound	11
kane	4
move	5
plato	4
warsaw	4
specialist	10
crater	14
denim	15
brook	11
thin	5
ark	10
convert	5
tail	15
join	5
store	11
kathryn	4
vulcan	4
rework	5
absurd	6
norton	3
christ	3
leak	6
soprano	9
prone	8
benz	4
bohemian	11
alt	9
mini	8
jeffrey	3
qin	1
find	8
combo	7
bell	15
largest	8
lush	11
who	10
west	11
colt	13
thou	10
am	8
takeoff	11
reset	5
marlin	13
legend	6
philadelphia	3
dir	2
insect	14
gin	12
jing	1
polo	7
founder	10
block	5
scrap	5
sponsor	7
satin	15
lexington	4
civil	11
crash	6
leopard	13
oral	14
combat	11
holster	15
downward	8
woman	10
focal	8
amino	14
twitter	6
port	11
love	6
undead	10
everest	4
heavier	8
dick	6
duet	9
venom	15
eighth	8
master	6
fremont	4
fall	5
valley	11
runway	11
sha	2
coincident	14
homestead	11
winter	8
algebra	7
lobe	14
indirect	8
mahal	4
monaco	4
foreword	6
duran	4
impress	5
eater	12
bamboo	15
railroad	11
venetian	4
relic	15
ain	2
check	8
tuft	15
zebra	13
rainbow	15
och	2
yen	8
tourist	11
ak	2
rosewood	15
tariff	8
bedroom	11
scarlet	15
campus	7
paperwork	8
gotten	5
soak	5
alderman	8
shooter	15
joke	6
sheng	1
republican	10
warp	8
adulthood	10
european	3
up	8
brig	10
panzer	4
interceptor	11
artifact	15
fabric	15
cho	1
tonga	11
but	8
weapon	15
talent	6
envoy	10
crouch	6
cocktail	12
pew	11
platform	6
martial	4
ta	2
kevin	3
catalyst	6
unto	10
creep	5
bois	2
charter	7
ancient	10
lesbian	10
blah	6
yellowish	15
roach	13
nomine	4
hackney	11
pea	12
vanessa	3
fill	5
arena	11
roth	4
type	8
rafael	4
micah	4
commonwealth	8
paula	3
dogg	3
pleas	8
filipino	4
bishop	10
wreath	15
car	11
rearview	11
obama	3
soviet	3
sioux	4
holden	4
uncertain	8
then	8
kit	6
strife	6
organist	9
lyric	9
drank	12
os	3
beta	14
gibbon	13
calvin	3
volley	7
trump	5
tactic	6
reconstruct	5
deed	8
fascism	10
ton	8
subway	11
disco	9
ruse	6
raid	7
grassland	11
unleash	5
possess	5
mitch	3
twist	6
homo	10
feather	15
telecast	6
westward	11
goddamn	6
jiang	1
pad	15
four	8
well	8
spray	15
spain	3
uranium	15
deng	4
hop	5
stainless	15
uber	6
or	8
back	8
vic	2
waitress	10
snuck	5
gees	4
classic	6
friar	10
mcgee	3
shrug	5
watch	5
levi	3
command	8
sonic	9
merlin	11
jodi	4
knob	15
owner	8
hoop	7
renault	4
placement	8
ngo	4
pinto	2
bra	15
exam	7
fond	8
drench	5
intact	8
gruff	6
egan	4
anger	6
sediment	11
pocket	15
rear	11
stanley	3
australia	3
obvious	8
duff	4
hilltop	11
vega	14
cal	2
tow	4
zodiac	14
casa	2
brake	11
eras	6
kiran	4
fischer	4
hey	6
conscious	8
sox	3
lipstick	15
done	8
ernest	4
lead	8
hardest	8
perpendicular	14
premiership	7
church	10
veteran	10
argument	6
fay	2
lia	4
thriller	6
ia	2
pencil	15
blog	6
renal	14
nectar	15
orchestra	9
shower	15
tanner	15
most	8
discreet	8
eyebrow	15
barber	10
dismount	15
rubin	4
tall	11
tourism	11
trivial	8
asia	3
ir	2
soar	5
bluff	11
reveal	8
metropolitan	11
scroll	15
korea	3
flesh	5
cite	6
alright	6
offend	10
blurt	6
thick	5
vigor	6
casino	7
studio	6
crimson	15
sunk	11
sweetheart	10
depot	11
gerard	3
wooden	8
tuna	13
disband	5
scribe	10
thursday	3
horror	6
ali	4
drain	5
duo	7
fog	15
frantic	6
cove	11
height	8
norm	8
bike	7
mood	6
caution	6
oversaw	5
lunar	14
floral	15
creat	5
workout	7
oklahoma	3
flock	5
seen	8
disappear	5
spot	7
contributor	10
avon	4
fur	15
wore	15
fate	6
bar	11
ada	4
never	8
mont	2
foil	5
blogger	6
ma	2
stripe	15
gregg	4
kickoff	7
reich	3
rural	11
xi	2
parcel	11
grandchildren	10
plush	11
lamp	15
isaac	4
pali	4
sold	8
top	8
dagger	15
alpha	14
stanza	7
picnic	11
chilli	12
addict	14
select	7
mathematician	10
meaningless	6
ballet	9
kenneth	3
boil	15
chaplain	10
cincinnati	3
palm	15
swiss	3
hee	1
attack	7
yarn	15
ag	12
middleton	4
sixth	8
ska	9
peninsula	11
sigma	14
diva	6
legal	8
kate	3
benson	4
jay	3
socialist	10
surveyor	10
bum	6
supervisor	10
reappear	5
escort	11
vitamin	14
pest	14
sanchez	3
leg	15
sphinx	15
shaft	11
settler	10
hick	4
booklet	6
laguna	4
not	8
digest	5
experiment	8
sensual	10
cara	2
verandah	11
milano	3
fled	11
direct	8
ramsey	3
chong	1
abdomen	15
annex	11
squad	7
oil	15
bracelet	15
ant	14
flood	6
bait	11
worship	10
bone	15
ground	8
uss	4
octagon	7
malibu	4
save	5
dub	8
true	8
steve	3
interior	15
pride	6
playback	15
homework	8
ortiz	4
curtain	11
emma	3
cube	15
lash	5
anal	10
pavilion	11
graveyard	11
medial	14
reaction	5
cardiovascular	14
noel	4
chun	1
buy	8
lister	10
reno	5
auf	2
destruct	5
christina	3
despair	6
stud	7
batch	8
midland	7
irregular	10
present	8
method	6
arrow	15
blu	4
biologist	10
cinema	6
batman	10
street	11
wen	1
anglo	2
send	5
ic	2
jar	12
usher	5
bearer	8
shannon	3
grunt	5
life	10
abbey	11
babe	10
mack	4
system	6
flatten	5
writ	8
mixer	15
baja	4
discount	8
refurbish	5
vi	2
haiti	3
swimmer	7
touchdown	7
ranger	10
bomber	6
trust	6
theorist	10
ley	2
vita	2
dri	2
subset	8
accordion	9
field	8
startup	8
internship	7
blanket	15
rider	7
thorough	5
booster	8
martinez	3
burma	4
judd	4
month	8
bark	15
academia	8
mayer	4
process	8
special	8
national	8
krishna	4
ze	2
sob	6
dwight	3
guest	7
greer	4
chicken	12
titular	10
fast	8
catalan	4
serious	8
garden	11
handkerchief	15
snack	12
den	11
gospel	9
remix	9
hire	5
relax	5
petal	15
nearer	8
cocoa	12
hour	8
prowess	6
differ	5
rash	8
copper	15
withdrawn	5
bryant	3
rebecca	3
forrest	3
su	2
tear	5
manga	10
auditor	8
five	8
fauna	11
partnership	8
skull	15
teacher	7
lightweight	7
tribe	10
server	15
canning	12
savior	6
did	8
coke	15
gonna	6
cellar	11
desmond	4
game	7
arson	6
notion	6
poker	7
pollen	14
brian	3
behead	10
pill	14
rooftop	11
caucasian	4
wei	1
anna	3
tucson	3
potion	10
naomi	3
read	6
beer	12
humanist	10
dock	11
barbara	3
nordic	7
slump	7
via	8
dove	5
tabloid	6
amar	4
tower	11
brace	5
drawer	11
brow	15
waller	4
cane	15
thrive	5
proclaim	6
sway	5
lantern	15
ladder	15
benign	8
dow	2
stanford	3
capitol	8
air	6
se	2
bart	4
crypt	11
bit	8
trial	8
lea	2
terrain	11
ninja	10
land	11
rectangular	15
colonel	11
entrepreneurship	8
metal	15
ought	8
dakota	3
alex	3
chloe	3
cartoonist	6
occur	5
linda	3
analyst	10
barren	11
rector	10
taliban	3
mi	2
frost	6
shore	8
hush	10
vortex	8
god	10
patti	4
behold	8
cough	14
china	15
policeman	11
occult	10
excel	5
rhythm	6
upset	6
guy	6
countdown	8
oppress	10
close	8
nino	4
tequila	12
remind	5
islam	3
windsor	4
lethal	15
nicola	4
fountain	11
picket	8
thumb	15
alexa	4
retail	8
bernard	3
along	8
fetal	10
salem	4
vocalist	9
uk	3
butch	10
gallon	15
mora	4
polka	9
horizon	15
maru	4
chairman	10
plant	15
ape	13
bala	4
paisley	15
kinship	6
made	8
settlement	8
trim	5
nasa	1
she	10
superb	8
may	8
billion	8
secretariat	8
bodyguard	11
priestess	10
push	5
paw	15
condo	11
joint	8
airmen	11
distant	15
alfa	14
hai	1
key	8
keyboard	15
sit	5
style	6
zealand	3
maharaja	10
viewer	10
roundabout	11
wash	15
fashion	15
ii	2
prosecutor	10
rat	13
angelo	4
monitor	5
correspond	5
flotilla	11
cheryl	3
audi	4
bert	2
regain	5
inspect	5
chaplin	10
singh	4
pep	8
martini	12
pere	2
aberdeen	4
undo	5
sid	2
norwegian	4
bjorn	4
leigh	3
marxist	3
pitt	3
firm	8
outlook	8
barrow	12
hugo	4
stint	7
blanch	6
usual	8
stand	5
religion	10
textbook	6
stung	5
turnout	8
omit	5
poland	4
paradigm	6
password	15
cue	5
cong	4
sell	8
northern	11
willing	8
assent	8
puppet	6
moat	11
shorten	5
cosmo	12
brush	15
lesion	14
webber	4
mana	10
weren	6
tip	5
freedom	6
spear	15
fletcher	3
certain	8
break	5
kidnap	10
shepherd	5
enzo	4
apt	8
clean	15
planner	10
ip	3
wing	7
dutch	3
rei	4
wheelchair	15
harvey	3
gleam	15
salesman	8
payment	8
vanish	5
tyson	3
asthma	14
discomfort	6
quo	2
onward	8
soccer	7
trade	8
haut	4
wren	13
sixteenth	8
role	6
jamaican	4
core	8
emilio	4
bride	10
hallway	11
ye	10
bon	2
cad	10
moon	14
exit	11
sash	15
smith	3
unlock	5
mia	3
levin	4
take	5
coat	15
punjabi	4
daze	6
pluck	5
sub	7
holloway	4
az	4
sculptor	10
finch	13
slash	5
solid	8
ward	11
tara	3
allot	8
nostalgia	6
broke	5
consular	10
strap	15
pontiac	4
function	8
amount	8
oscar	3
singer	9
sour	6
orgasm	10
resent	6
rue	2
brightest	15
wheeler	11
mill	15
vacant	15
baxter	4
fresh	5
wiener	12
absorb	5
tenor	9
deepest	11
romanian	4
anton	4
farther	8
victor	7
samba	9
howard	3
plateau	8
lavish	11
throughout	8
fifteen	8
utmost	8
coliseum	11
stan	2
curriculum	7
bane	6
greet	6
creed	6
alphabet	6
inhabit	5
bliss	6
miguel	3
sanction	5
madrid	3
mosquito	14
dec	2
asleep	11
mellon	4
kerr	4
atheist	10
ring	15
spatial	14
villa	11
silicon	14
transmit	5
reagan	3
depart	5
shipment	8
slug	5
gray	15
nam	1
end	8
what	8
deal	8
shotgun	15
elisa	4
fallen	5
frenchman	4
memorabilia	15
indo	4
crunch	6
soloist	9
adept	8
hana	4
ronin	10
slept	11
trillion	8
color	15
wal	4
gandhi	4
lloyd	3
feedback	5
sonar	13
asphalt	15
liver	14
sun	15
honolulu	4
loser	7
baltic	4
author	10
cover	5
sure	6
sakura	4
ici	2
war	11
sane	8
had	8
aroma	15
ellen	3
uc	3
bastion	11
journey	7
ama	4
katrina	3
vishnu	4
spruce	15
one	8
aren	6
ka	1
pedestrian	11
lighter	8
sear	15
honeymoon	10
crew	11
precinct	11
redevelop	5
export	8
civic	8
squat	5
argentina	3
coaster	11
traction	6
backdrop	6
foremost	8
ventura	4
oven	15
handbook	6
eden	4
communion	10
nationalist	10
mermaid	10
coven	10
flint	15
myth	6
rather	8
unseen	8
jena	4
await	5
madden	15
holder	8
gateway	11
nak	4
hussain	4
alla	2
pillar	8
ban	5
how	8
tak	2
chaotic	6
hound	13
porn	10
burr	5
tale	6
mickey	5
enrich	5
serena	4
descent	7
publish	6
archer	15
vo	2
fool	5
woodland	11
inhibitor	14
weaken	5
later	8
cortex	14
ego	6
tension	6
tree	15
fusion	6
ac	2
cyclist	7
devout	10
crisp	8
persian	4
caravan	11
burden	6
letterman	7
vinci	4
laura	3
roosevelt	4
enthusiasm	6
allison	3
pandora	4
hybrid	8
synod	10
thought	6
cork	15
selfish	6
lowland	11
pamela	3
harbor	11
near	8
garrett	3
doug	3
julian	3
dynamo	6
isa	2
sax	9
ethic	6
met	6
eun	1
natal	10
ding	6
fingerprint	15
affluent	11
shovel	15
huntington	3
workshop	7
salt	14
focus	8
freight	11
tho	2
cautious	8
supplement	5
cuban	3
year	8
jake	11
mimi	4
devil	10
regiment	11
font	6
dart	15
intend	8
muhammad	4
jamal	4
baseman	7
song	9
bed	11
arthur	3
grape	12
dave	3
sag	5
polish	15
cairo	3
diego	3
amidst	8
subterranean	11
gossip	6
buick	4
southern	11
hayden	3
appear	8
clash	6
archangel	10
yao	1
ewe	13
nay	4
nina	1
panama	4
vineyard	12
camp	8
respond	5
pac	3
pharaoh	10
tell	6
britain	3
prophet	10
aldo	4
teresa	4
marian	4
simulcast	6
enigma	8
grief	6
superior	8
shale	11
wheat	12
edison	4
doo	2
clung	5
fantasia	6
lark	6
strung	5
oder	2
akbar	4
scorpion	13
xiang	1
upstream	11
racetrack	7
painter	10
glider	11
wight	4
sever	5
spite	8
video	6
me	8
go	5
snout	15
lagoon	11
gloom	6
harper	3
ballroom	11
feed	5
pace	8
crack	5
crop	12
intersect	8
meaning	8
protagonist	10
test	8
midway	8
gong	7
mata	4
satan	10
counterpart	6
wharf	11
petrol	15
bladder	14
sai	4
fare	7
ce	2
char	15
upon	8
sugar	12
disc	15
robinson	3
ivan	4
patent	8
heaviest	8
reborn	6
turf	15
ass	6
hungarian	4
io	2
shortstop	7
kabul	4
allow	8
bumper	11
arbor	11
cruiser	10
lego	4
squeal	6
enthusiast	10
loyalist	10
brett	3
ot	2
boca	4
carver	10
baptist	10
freeway	11
question	6
milan	3
sail	11
relentless	8
aka	8
yer	6
cement	15
paper	15
lifeless	6
striker	7
should	8
limo	11
hess	4
jung	1
tin	4
keep	5
klein	3
cave	11
midtown	11
chilean	4
away	8
nova	14
start	8
yourself	8
variant	6
persia	4
triumphant	6
asa	2
depict	5
emperor	10
bombay	4
anterior	14
erica	3
lyon	4
recur	5
belt	15
regress	5
lore	6
manor	11
elena	4
cipher	8
homeless	11
underworld	10
zero	8
linear	14
dam	11
ix	2
southeastern	11
reservoir	11
torso	15
blank	15
trough	8
peruvian	4
stick	5
fred	3
chosen	7
vast	8
rain	6
hitler	3
paler	8
sister	10
squadron	11
heighten	5
chihuahua	13
driveway	11
ya	6
spend	5
brew	12
slid	5
lutheran	4
barrel	15
formal	8
medium	8
austrian	4
eri	4
sweeney	4
fife	4
director	10
file	8
ursula	4
forward	8
splash	5
demo	6
sank	11
slap	5
damon	4
playboy	10
iq	3
packet	15
sa	1
code	6
still	8
facto	2
kamal	4
gareth	4
medley	9
spell	7
alien	10
bradley	3
riff	6
attest	5
eileen	4
night	8
regardless	8
droplet	15
oh	6
dude	6
hue	15
quartet	7
magician	6
vault	7
fail	5
sprawl	11
slate	6
provost	10
turk	4
program	6
kyoto	4
display	8
weir	11
brothel	10
crime	10
vet	13
intern	7
ken	2
covert	10
shove	5
gearbox	11
requiem	6
mo	2
cash	8
shire	11
eject	10
camel	13
reddish	15
clarinet	9
annual	8
psycho	14
retract	10
dockyard	11
resist	5
ach	2
baton	15
louie	4
wadi	11
brawl	6
cope	5
yi	1
leon	3
denis	3
maynard	3
crucial	8
preschool	7
streak	7
liner	15
fri	2
medic	11
orbit	14
stereo	15
gate	11
hit	5
chose	7
thug	10
turkish	4
seem	8
basal	14
built	5
ax	15
plaid	15
joy	6
forgotten	6
front	8
kurt	3
newark	4
pseudo	6
amongst	8
cai	1
john	3
footprint	8
welch	2
istanbul	4
glide	5
hewitt	4
smack	5
whisper	6
convent	10
regent	10
need	8
flew	11
chrome	15
mane	15
pillow	11
last	8
assess	5
kindergarten	7
ste	2
beneath	8
kuwait	3
una	2
hint	6
processor	14
long	8
scowl	6
medallion	8
curl	5
likelihood	6
marley	4
queer	10
sebastian	4
scarf	15
picker	12
fastest	8
mayo	12
anya	4
sniff	5
goat	13
fir	15
paramount	8
zheng	1
blade	15
least	8
brutal	6
rhythmic	6
mammoth	8
chestnut	15
kemp	4
incur	5
unpaid	8
pursuit	7
packer	12
silver	15
handheld	15
grin	6
cypress	15
brown	15
link	5
thor	4
pepsi	2
overheard	6
shan	1
gall	5
yeah	6
dialect	6
bicep	15
shot	15
grow	5
rigid	8
policemen	11
visitor	7
come	5
glue	15
flicker	15
pre	8
powder	15
orchard	12
quick	8
leather	15
qu	2
conscript	11
held	5
rein	5
wong	1
sahib	4
peng	1
muse	10
titanium	15
saturday	3
erika	4
perth	3
hurley	4
extant	6
laurent	4
bonus	7
thrill	6
girl	10
fitzgerald	4
ridden	7
sang	9
knock	5
joe	3
suck	5
dog	13
activist	10
ing	2
overlap	8
infer	5
suffer	5
carbon	15
om	2
shane	3
alec	4
hot	15
icon	6
saliva	14
gland	14
fraud	10
gum	12
tubular	15
knick	4
ranch	11
iranian	3
pantheon	7
jia	1
japan	3
exempt	5
sheer	8
patricia	3
bass	13
spaniard	4
parapet	11
soy	12
rehab	14
mac	3
chew	5
mart	11
handicap	7
own	8
arlington	4
dat	2
various	8
wai	1
fiscal	8
opinion	6
ear	15
stress	6
ore	15
sent	5
mosh	9
washington	3
freak	6
behalf	8
pun	6
union	8
kong	1
greek	7
sao	4
infect	14
hind	15
fraction	8
prefect	10
phenomena	8
jaw	15
pamphlet	6
labor	8
airway	14
bleed	15
vertex	14
dawn	15
causal	14
unclear	8
cole	3
fine	8
analog	15
communist	10
evict	10
betray	10
typhoon	6
breath	5
consent	8
lit	15
todd	3
conway	4
spars	5
chef	12
upload	15
chandra	4
proven	6
punjab	4
dian	4
munich	4
hazel	15
lori	3
they	8
cade	4
warrant	8
undertook	5
amid	8
spoken	6
pipe	15
democrat	10
portland	3
wrist	15
grill	15
cyclic	14
syria	3
fatal	6
tray	12
wall	11
sami	4
neglect	10
shaun	3
greenish	15
connor	4
draft	7
iraq	3
alta	2
ciudad	2
ethan	4
trojan	14
hooker	7
castro	3
charley	4
il	2
random	14
sutra	4
minimum	8
threw	5
plaintiff	8
mohawk	15
exterior	15
encyclopedia	6
xvi	2
rampant	8
suburb	11
bulk	8
choreograph	7
venezuelan	4
helm	10
honey	12
ina	2
than	8
vein	11
morrow	8
watson	3
speaker	8
trash	15
seminar	7
stride	5
nirvana	6
bison	13
boardwalk	11
snort	5
xiao	1
distract	10
sanford	4
kilogram	15
abduct	10
lieu	8
melt	15
banner	15
hook	5
fascist	10
walkway	11
sato	4
goodman	4
hug	6
butcher	10
drought	7
snow	6
fee	8
coal	15
spaghetti	12
carl	3
folk	9
smooth	8
minnesota	3
bobo	4
flee	11
thermal	15
snatch	5
daylight	15
african	3
sultan	10
instinct	6
fore	8
though	8
withstand	5
pant	15
township	11
nebraska	3
santo	2
knox	4
jam	9
movement	8
novak	4
fuse	15
neal	3
stray	5
corps	7
diesel	15
def	2
rita	4
period	8
amass	5
hollywood	3
meteor	14
breast	14
slow	8
wire	15
crotch	6
sweet	8
cameron	3
noir	9
base	8
scott	3
disgust	6
hilton	3
outta	6
jen	1
road	11
reach	5
account	8
sui	2
seldom	8
egyptian	4
slant	6
wept	6
admit	6
induct	5
arroyo	11
indigo	15
lineman	7
fold	8
squeak	8
historian	10
ferdinand	3
panorama	15
tehran	4
snap	5
scorer	7
came	5
baptism	10
scoop	5
ren	1
buster	5
marshal	10
carmen	4
pioneer	10
bowman	11
atm	2
kia	4
pray	10
mistaken	6
peacock	13
alabama	3
sustain	5
mose	4
pursuant	8
pearl	15
pounder	11
adrenalin	6
lucha	3
equestrian	7
cod	13
plump	5
hood	11
race	7
webb	3
jose	3
poem	6
idiot	6
death	6
weight	14
nor	8
margaret	3
facebook	6
platoon	11
yamaha	4
ledger	8
feast	7
tor	2
endeavor	7
dee	2
apollo	4
vision	8
ira	2
multimedia	15
scale	8
mari	4
dia	2
destroy	5
pyramid	15
frankenstein	4
dyke	11
brandon	3
filter	5
arun	4
divert	5
spacecraft	14
vulgar	6
london	3
louis	3
mri	4
kept	5
when	8
kramer	4
stiff	6
hysteria	6
cartoon	6
tram	11
shine	15
garment	15
wolf	13
xiii	2
sen	8
diplomat	10
transcript	6
mole	10
upbeat	8
gear	6
strait	11
dom	6
runaway	8
subsist	5
bangkok	4
dna	15
idea	6
linguist	10
caliph	10
wage	8
raul	3
sol	14
target	7
tenant	8
spun	5
bloom	5
michael	3
welsh	4
sin	10
stuart	3
berger	4
marijuana	12
mix	6
drone	11
membership	7
botanist	10
inspector	10
age	10
michel	4
southernmost	11
keeper	7
smackdown	6
tamil	4
backseat	7
nonprofit	7
stalker	10
quiz	7
pass	5
greenwood	4
re	8
download	15
froze	8
trigger	5
cora	4
manuscript	6
georgia	3
nash	3
uno	2
tape	6
toro	2
swore	6
about	8
roberto	3
eva	3
reza	4
ata	2
smash	5
stalk	5
dent	5
telegraph	11
floor	11
fluid	15
meg	15
tam	3
banco	2
shankar	4
fallon	4
word	6
congressman	8
negro	4
yet	8
frontman	9
tate	2
feminist	10
quilt	15
barley	12
atom	14
parrot	13
electron	14
luke	3
pari	2
midnight	8
boulder	11
brownish	15
drunk	12
glass	11
beast	10
slower	8
local	8
draw	5
flinch	6
atari	3
their	8
russ	3
tuition	7
team	7
mid	8
cream	12
segment	7
thread	6
mountain	11
dorset	4
season	8
berkeley	3
superhero	10
wink	6
bollywood	4
barton	3
soft	8
scare	10
rode	7
concern	6
think	6
monster	10
podcast	6
ku	1
rip	5
cent	8
shi	1
lok	4
vamp	10
dinner	12
algorithm	14
underway	8
shriek	6
free	8
fix	5
authorship	6
switzerland	4
contain	5
volvo	4
raf	4
hive	14
chuck	5
meet	6
spectral	14
oro	2
brief	8
scot	4
priesthood	10
doi	1
session	8
arcadia	6
magna	2
brave	6
der	2
florida	3
alison	4
ying	1
duchess	10
ter	2
nod	8
pupil	7
hawthorn	15
flute	9
eighteen	8
marc	3
nana	10
meta	14
crystal	15
foyer	11
gerald	4
shanghai	4
dino	15
mate	10
lucia	4
pole	7
ji	4
brethren	6
mohan	4
pie	12
ness	6
sneaker	15
conner	4
clinch	7
train	11
misconduct	10
plastic	15
proud	6
volkswagen	4
spade	15
couch	11
mikey	3
cabinet	8
faux	6
flop	7
hyde	4
era	6
ruthless	6
regular	8
self	8
banker	8
mod	9
jasper	15
crawl	5
simon	3
merci	2
furrow	5
shit	6
greatest	8
warm	15
bump	5
frozen	8
western	11
heart	14
sheffield	3
sake	6
stricken	11
tun	2
uncommon	8
sermon	10
kira	4
spokesman	10
borough	11
bradford	3
pup	13
esteem	6
blend	6
ardent	10
pomeranian	13
raft	8
frog	13
posit	5
mammalian	14
insulin	14
eight	8
molecular	14
braid	15
je	2
section	7
flour	12
dye	15
modest	8
imp	10
cure	5
climb	7
film	6
string	8
lina	4
complement	5
guo	1
flashback	6
nagar	4
cavendish	4
overwhelm	5
laden	8
qaeda	4
mainstream	8
enchant	5
impair	5
ether	6
sheikh	10
gender	10
wagon	11
tibetan	4
ono	2
data	8
outer	15
porto	4
apparel	15
donkey	13
colin	3
wilson	3
superman	10
flux	8
mach	2
bandwidth	15
thump	6
sweden	3
armament	11
proceed	5
burnt	15
ell	2
mushroom	12
haunt	5
capitalist	10
rift	6
endless	8
han	2
leukemia	14
roi	2
devoid	8
protect	5
fowler	3
leung	1
cleaner	15
around	8
gal	10
cowboy	13
gail	4
robert	3
tournament	7
troll	11
heap	8
vale	2
patriarch	10
ambassador	10
eu	3
dorm	7
emblem	15
unspoken	8
trick	6
alloy	15
nut	12
wool	15
citadel	11
aloud	6
fiance	10
rai	1
midi	15
rude	6
abroad	8
screenplay	6
tick	5
control	8
evi	4
tie	7
louisiana	3
chain	11
inventor	10
almond	12
distinguish	5
cutter	4
pitchfork	15
chief	10
coup	10
tame	8
best	8
distrust	6
golden	15
craig	3
lurk	5
sander	4
criterion	6
roller	15
rent	8
row	8
overseen	5
shah	10
layer	15
pound	11
dana	3
share	8
effect	5
rubbish	15
prompt	5
mutant	10
ross	3
elliot	3
consort	10
render	8
zion	4
comment	8
uniform	15
bunker	11
dress	15
schwartz	3
pathogen	14
overturn	5
banjo	9
heir	10
lamar	4
dustin	3
theo	2
weaker	8
hole	11
outward	8
busch	3
shu	1
scatter	5
congo	4
burst	5
sew	15
bail	10
good	8
winner	7
podium	7
struck	5
knit	15
boulevard	11
connector	15
phase	8
nah	6
rink	7
tsar	10
avail	8
complaint	8
gamer	10
dracula	4
ram	5
crept	5
manuel	4
margarita	12
catcher	7
priest	10
dell	3
mankind	10
realm	8
fishermen	13
kobe	3
anarchist	10
kapoor	4
horseback	13
wide	8
compel	5
murdoch	4
citizen	10
vertigo	14
ohio	3
percent	8
dirt	15
loch	11
glare	6
sync	8
xavier	4
perish	5
rare	8
somehow	8
brother	10
print	15
portrait	15
kara	4
crank	5
would	8
critic	10
dissent	6
domino	7
irwin	4
sarah	3
viaduct	11
hammer	15
ti	2
suggest	5
casual	15
bunch	8
scenic	11
sci	8
erik	3
tran	2
clare	4
carp	13
that	8
scholarship	7
chao	1
ensign	11
claw	5
subject	8
you	8
hubbard	4
pile	8
psi	14
rebirth	6
hardwood	15
si	1
megan	3
legion	5
supplier	8
haa	2
lau	4
pena	2
clara	4
josh	3
omar	4
same	8
stood	5
amor	2
beirut	4
childbirth	10
stellar	8
rayon	15
yukon	4
mollusk	13
agra	4
billboard	6
ultraviolet	15
hulk	11
abolish	5
fungal	14
perfect	8
enough	8
limp	6
stew	12
boredom	6
physician	14
refit	5
belgian	4
lap	7
sensor	15
viper	13
sic	2
ea	2
austria	4
alert	8
retro	9
spencer	3
nickel	15
uphold	5
vase	15
crossbow	15
fullback	7
skim	5
cisco	11
pact	8
kid	6
yield	8
rep	10
civilian	11
quantum	14
tumor	14
berth	7
rang	5
demolish	5
dilemma	6
latch	5
rosa	2
nba	3
consortium	8
ab	2
zinc	15
bologna	12
marcel	4
shill	10
panel	8
lincoln	3
fruit	12
took	5
lakshmi	4
rap	10
smirk	6
deco	9
blunt	6
walnut	15
architect	10
raven	13
size	8
stewart	3
foreign	8
convex	15
outright	8
ob	2
caus	4
mattress	11
blur	8
conductor	9
stuck	5
flat	8
orphan	10
cloth	15
stamp	8
libya	3
saxon	4
throne	10
scent	15
ja	2
flower	15
learn	7
finest	8
eleventh	8
dig	11
lower	8
risen	5
shorter	8
olympian	7
borg	4
rio	2
vox	15
grove	15
stockholm	4
outfit	7
dome	11
agent	7
deck	11
forth	8
stitch	15
meredith	3
it	8
pistol	15
marin	4
palo	2
shift	5
sixteen	8
nearest	8
hog	13
ked	2
tender	8
logan	4
gu	1
king	10
boast	5
blink	15
buff	10
patron	10
abandon	5
mar	5
heath	14
outfield	7
harlem	4
hostess	10
nair	4
fuji	4
propaganda	6
puck	7
canton	3
benedict	2
vascular	14
bring	5
lost	5
common	8
shea	12
andi	4
payload	14
weed	15
fat	5
sham	6
due	8
rodriguez	3
batsman	7
better	8
itself	8
hi	6
bordeaux	2
wouldn	6
cuff	15
midfield	7
refrain	5
hover	5
forefront	8
steam	6
airplay	7
jackson	3
skeleton	15
groan	6
steal	10
quadrant	15
livestock	13
mma	3
dun	2
ist	2
pine	15
bead	15
rental	8
motionless	15
nuclear	15
item	6
dear	6
psychologist	14
kali	4
hoffman	4
bang	6
steward	10
geneva	4
withdrew	5
reflex	6
nest	11
stolen	10
bath	15
novelist	6
sharpen	8
fourth	8
act	5
revert	5
peek	5
progress	7
will	8
peach	12
jae	1
sheet	15
diamond	15
papal	10
conic	4
counselor	10
mom	10
gen	15
herd	13
woven	6
synth	9
now	8
tea	12
kinda	6
savoy	2
tar	15
schooner	11
delight	6
birthday	7
like	8
slang	6
lauren	3
fiona	4
soil	15
brat	10
food	12
broader	8
pollock	13
zee	2
wesley	3
campground	11
oblivion	6
case	8
salsa	12
rate	8
napoleon	2
static	8
trauma	6
rake	5
duct	15
boar	13
counsel	10
cleanup	6
paranoia	6
cardboard	15
nasal	14
guantanamo	4
twice	8
sasha	3
creak	6
bueno	2
elder	10
thee	10
ara	2
supper	12
franc	8
fragment	15
waiter	10
click	15
two	8
ein	2
els	2
iain	4
wrote	6
authoritarian	10
fender	11
southward	11
anxious	8
sam	2
dual	7
cotton	15
pois	4
continent	8
milk	12
frame	8
fourteen	8
aft	11
finnish	4
abrupt	8
survivor	6
react	5
fort	11
mei	1
revolt	6
smallest	8
malcolm	3
stomach	6
creation	8
selector	7
blaze	6
anand	4
butler	10
demeanor	6
hous	2
whirl	6
tha	2
powerless	6
abigail	4
antenna	15
norma	4
expert	10
narrow	8
economist	10
technician	10
devon	3
livelihood	10
fiesta	7
epic	6
hottest	8
hancock	4
finn	4
whilst	6
evan	3
ching	1
noun	6
recent	8
boycott	8
donald	3
left	8
clutch	8
sweater	15
jamaica	4
poss	2
zhu	1
hoist	5
pronoun	6
copenhagen	4
frequent	8
predecessor	10
aurora	14
madam	10
armor	11
magnet	11
mann	2
lil	2
qui	2
ornament	15
dominican	4
goddess	10
safe	8
sandra	3
toll	6
neo	6
safari	11
inherit	5
stroke	14
swamp	11
af	2
unless	8
entertain	5
rid	5
garner	5
poli	2
token	8
della	2
rye	12
glacial	11
eh	6
math	7
hearth	15
codex	6
cree	4
dominion	10
streetcar	11
review	5
conceal	10
verbal	14
blazer	15
total	8
kirk	4
gap	5
delta	11
ultimatum	8
page	6
noah	3
thorn	6
dem	2
our	8
boom	7
furnish	5
thirst	6
starr	4
showdown	6
fellow	10
dane	4
hussein	4
brendan	3
clone	10
as	8
sherman	3
slung	5
layout	15
member	10
net	8
bright	15
hu	1
clyde	4
wig	15
none	8
project	8
guardian	10
distort	10
crust	12
kelvin	14
gomez	3
stigma	6
poet	6
chiang	1
dose	14
feng	1
span	8
scalp	15
sul	2
shook	5
card	8
down	8
eli	4
tend	8
lid	15
suspect	10
contractor	10
goldberg	4
shut	5
recoil	6
monkey	13
matthew	3
music	9
afghan	15
prospect	6
give	5
skirt	15
ser	2
vista	15
boi	3
intercept	5
email	8
behind	8
maiden	7
weigh	5
thornton	3
bate	4
pablo	3
breathless	6
revisit	5
flown	11
jaguar	13
rodeo	13
tesla	14
voter	8
embark	5
ping	6
mirror	8
sein	2
harold	3
sitcom	6
clamp	5
friend	10
gross	8
jai	4
joel	3
ron	3
cadet	11
eco	15
hindi	4
drawn	5
vomit	5
monograph	6
windshield	11
burrow	11
rocket	11
arnold	3
khalid	4
cramer	4
hero	6
golfer	7
torment	6
klan	3
haitian	4
strewn	5
thrust	5
muster	5
monument	11
torpedo	5
realism	6
leftist	10
lang	1
obtain	5
stubborn	6
defend	6
intellect	6
hove	11
shame	6
audio	15
jon	3
lionel	4
insignia	15
jang	1
ari	4
school	7
fault	6
surfer	7
hamburg	2
sexual	10
dodd	4
ham	12
relationship	6
ethernet	15
book	6
ecosystem	11
array	8
unfold	5
refresh	5
wand	15
shortlist	7
numb	6
vertebra	15
alfredo	2
slightest	8
lens	15
naturalist	10
cage	11
cup	12
punt	7
arrest	10
succeed	5
panchayat	4
houston	3
harm	6
gentlemen	4
metaphor	6
quarterback	7
sweatshirt	15
feeder	11
dentist	14
luna	2
blow	5
shack	11
hornet	14
caribbean	3
richest	11
bulb	15
bore	5
wingspan	11
acquit	10
harpsichord	9
pia	4
id	3
swirl	6
cu	14
mischief	6
martyr	10
piazza	11
linden	15
complexion	6
see	8
eurasian	4
sober	8
fjord	11
handgun	15
nail	5
platinum	15
theme	6
nell	2
trident	15
retort	6
metro	11
cub	13
tyrant	10
otter	13
ik	2
corrupt	10
fund	8
indoor	11
tobacco	15
spill	6
weld	14
between	8
netflix	15
petra	4
bei	2
heartbreak	6
gene	14
odor	15
aryan	4
offer	8
chateau	11
sector	8
ry	2
quan	1
aid	11
rotten	6
eye	15
zoe	3
scrape	5
strength	8
bacterium	14
hull	11
professor	10
gloss	15
mutual	6
contract	8
zeke	4
twig	15
carol	9
cosmopolitan	11
bop	9
erect	5
potter	10
boost	5
vial	15
log	8
craze	6
swing	5
jordan	3
quasi	6
clear	8
gaul	4
bain	4
royal	10
mask	10
toxic	15
moran	3
barn	12
didn	6
gel	15
edinburgh	4
jihad	11
merchant	8
damp	15
con	4
laid	5
craven	6
engulf	15
busiest	8
leap	5
bee	14
citizenship	10
stake	8
strata	15
abu	4
iss	2
weekend	8
daryl	4
careless	6
alumni	7
underground	11
track	8
onboard	11
cabaret	9
quinn	3
flex	5
riot	6
newport	4
lana	4
renew	5
sentinel	10
hydra	10
fenton	4
fewer	8
jacket	15
wheel	11
maroon	15
quest	7
cede	5
husband	10
seam	11
armada	11
samuel	3
yo	2
nevada	3
design	15
robb	4
peter	5
nobel	4
emir	10
childish	6
vietnam	3
weasel	5
pokemon	15
interim	10
airlift	11
bela	4
crap	6
brewer	12
tae	1
cannon	11
bold	8
keel	11
freed	10
stu	2
can	8
ruler	10
newman	3
telecom	15
bash	7
broadcast	6
businessman	10
toss	5
wizard	6
charcoal	15
acid	15
hope	8
roger	3
bullet	15
soho	4
beck	11
mu	1
goth	9
vibrant	11
slot	7
glitter	15
fresno	3
happen	5
muscular	5
realist	10
castillo	3
hydro	11
suffolk	3
ame	2
highlight	8
avid	10
prima	2
hail	6
apartheid	10
senior	7
arc	7
landlord	8
fifth	8
warn	6
deport	10
seven	8
nap	11
griffin	10
carr	2
skill	6
pat	6
soc	3
bean	12
bread	12
purport	5
sick	6
chemist	10
flung	5
south	11
circa	6
javelin	7
elton	4
wright	3
user	15
mani	4
sooth	5
flourish	5
anguish	6
sale	8
landau	11
match	7
stranger	10
vinegar	12
predict	8
winston	4
holocaust	10
pow	6
blast	6
overland	11
bake	15
time	8
quay	11
intel	3
dubai	3
mongolian	4
juliet	4
tandem	7
pure	8
older	10
detail	15
coffin	11
chamberlain	10
hear	6
youngest	8
tit	6
antarctica	4
ballast	11
jude	4
alexandra	4
liverpool	3
shortest	8
westbound	11
heartbeat	14
chang	1
ni	1
fasten	5
favor	8
blake	3
elbow	15
bennett	3
maria	2
talk	6
humanitarian	11
scratch	5
sport	7
ruben	4
clinic	14
horatio	4
instant	8
unfamiliar	8
mesa	11
scandinavian	4
shirley	3
goodnight	6
eat	5
state	8
cat	13
small	8
write	6
tenth	8
stryker	4
coral	11
odyssey	7
parchment	6
serial	8
ulster	4
ahmad	4
vector	14
shatter	5
flare	15
poster	6
zur	2
curb	5
greater	8
onslaught	7
prescott	4
groin	15
convoy	11
arid	11
trace	5
shamrock	4
proctor	10
ave	2
launcher	11
reject	5
womb	10
discard	5
shipyard	11
michigan	3
jew	3
speech	6
remnant	15
tens	8
kun	1
ted	2
greyhound	13
autumn	8
faint	15
smell	15
tighten	5
safeguard	5
light	15
throb	6
mission	7
lifespan	8
receptionist	10
sawyer	4
ramirez	4
minion	10
bedford	4
wi	2
liza	4
rig	11
bulletin	6
goos	4
rossi	3
capt	2
conrad	4
gulf	5
methodist	4
vocal	10
moi	2
east	11
bacon	12
line	8
stuf	4
gulp	5
bulldog	13
cancel	5
tre	2
champion	7
human	10
solemn	6
steamer	11
romano	2
fest	7
prem	3
tuesday	3
umm	6
rasp	5
armstrong	3
make	8
grown	5
tau	14
learner	7
worsen	5
rene	4
phenomenon	8
heat	15
those	8
summit	8
credit	8
martha	3
avoid	5
burt	4
cobra	13
rob	10
resign	5
fring	15
mean	8
nee	2
slender	5
rodney	3
complain	6
irish	4
ar	2
bach	11
help	5
hamilton	3
until	8
mentor	7
foul	7
verdict	8
macintosh	3
hbo	3
pinch	5
lila	4
goo	15
nephew	10
primera	2
corey	3
cairn	11
solar	15
relay	7
barrack	11
tab	15
helix	14
transfer	5
lal	4
difficult	8
bleak	6
low	8
visual	14
assault	7
aye	4
tina	3
chairperson	10
confirm	8
nazi	3
occasion	8
olsen	4
deer	13
cadillac	4
sneer	6
olivia	3
superhuman	10
restrain	5
seth	4
browser	15
tonight	8
tavern	11
gina	4
babylon	4
solo	9
matrix	14
pretend	5
clint	3
nile	4
maid	10
spearhead	5
assert	6
reaper	10
note	6
chip	14
thief	10
acquaint	5
reactor	15
landmark	8
pork	12
downstream	11
spur	5
worker	10
radiant	15
tough	8
bronco	13
wield	5
helen	3
mascara	15
band	9
cushion	8
hunger	6
request	8
hideout	11
pud	4
hash	5
visa	10
jug	12
went	5
scream	6
scandal	10
jane	3
runner	7
asteroid	14
overs	7
pagoda	11
blind	8
redhead	10
sped	5
ami	4
abbess	10
lui	2
obey	5
sullivan	3
clement	11
photo	15
buddhism	4
asha	4
zulu	4
ryder	4
earth	10
aluminum	15
buffet	12
haze	15
flutter	6
columnist	10
brandt	4
burger	12
dona	2
tai	1
organ	15
pair	7
bind	5
oldest	8
divers	7
guild	8
shelf	8
gran	10
oxygen	15
hing	1
foe	6
tooth	15
harass	10
fielder	7
blair	3
clue	6
weiss	2
goin	6
ashley	3
storey	11
suarez	3
reed	15
pod	11
armenian	4
es	2
tour	7
bog	11
upright	15
option	7
rich	11
marvel	5
gao	1
glaze	15
choir	9
lure	5
be	8
taunt	5
shave	5
cricket	7
detach	5
seventeenth	8
dime	8
miss	5
spa	15
pertain	5
gold	15
sleek	15
implant	15
khan	4
superstar	6
luther	4
sienna	15
francais	2
price	8
haggard	6
moe	2
combust	15
musician	9
fever	6
bran	12
drip	5
thrown	5
pleasant	8
halloween	4
clair	4
prove	6
receipt	8
blame	6
tidal	11
imprison	10
carousel	11
delay	5
jonah	4
cedar	15
them	8
theft	10
stab	5
photon	14
archbishop	10
collin	4
arm	15
hunter	13
gust	6
midday	8
viva	6
til	8
cohen	3
parallel	8
piston	14
manifold	8
terrorist	11
yin	1
er	6
feral	11
setup	6
cop	10
laud	6
diagram	6
nylon	15
shimmer	15
sharon	3
harvest	12
foster	10
babu	4
gi	4
wilder	11
chime	6
rollin	6
deeper	11
murray	3
weaver	10
globe	8
coconut	12
danger	6
pigment	15
gaze	6
darken	15
statesman	10
luc	2
mausoleum	11
leaf	15
thereof	2
naval	11
dungeon	11
pam	3
orb	15
brilliant	8
weekday	8
mike	15
jet	11
fling	7
thai	3
nato	3
deploy	5
jersey	15
mort	2
tragic	6
jim	3
tu	2
abyss	6
mice	14
vapor	15
expo	7
dai	2
wat	2
contempt	6
latino	3
diver	7
herald	5
roman	10
virus	14
steamship	11
yearbook	7
poison	15
middleweight	7
mail	11
le	2
tod	2
mess	6
outreach	10
restrict	5
fox	13
violinist	9
nineteenth	8
robin	13
boe	11
northwest	11
alter	5
facial	15
strike	5
influenza	14
bother	6
drunken	12
chen	1
eyelash	15
cox	11
whereupon	6
plumb	5
pi	2
brain	14
patel	4
arab	3
sarcasm	6
host	8
lisa	3
sect	10
america	3
slater	3
closest	8
saloon	11
feb	3
quarter	8
prakash	4
telegram	11
conduct	5
wreck	6
kashmir	3
dunn	3
angelica	15
birth	10
courtroom	8
extra	8
mage	10
zen	6
carlo	3
speed	8
fin	15
ethiopian	4
youth	10
bin	11
aquarium	13
howl	6
outset	8
lai	1
drill	11
slick	8
peru	4
miranda	3
emi	3
robe	15
harsh	6
cam	15
mist	15
hangar	11
yuan	1
im	2
backpack	15
parisian	4
terri	4
meyer	4
lumber	15
whitish	15
unbeaten	7
writer	10
businessmen	10
interview	6
bargain	8
belmont	4
continuum	8
ani	1
expel	10
plea	8
yahoo	3
throw	5
valiant	6
beyond	8
thing	8
replay	8
inland	11
ho	1
greyish	15
gag	5
meat	12
flora	11
boo	6
parker	3
daniel	3
scene	8
ny	3
waltz	9
bland	6
walker	15
spoon	12
traffic	11
freeman	10
yell	6
ki	1
launch	8
sprinter	7
newscast	6
sheriff	10
proton	14
hyun	1
ann	2
vanilla	12
prank	6
heck	6
board	8
hate	6
seismic	6
radial	14
logo	15
mansion	11
obsess	6
para	2
gemma	4
swap	5
final	8
newfound	8
rancho	11
jerk	6
wetland	11
extinguish	6
mold	15
stefan	4
junior	7
knife	15
russian	3
bitter	6
infant	10
afar	5
liu	1
ottoman	11
crane	11
et	2
chandler	3
limit	5
missouri	3
halfway	8
vip	3
tri	7
home	8
by	8
wise	8
cameo	10
fa	2
neon	15
hector	5
preseason	7
firework	15
vacuum	5
southbound	11
skipper	7
frederick	4
edit	15
fernandez	4
sonia	4
disdain	6
mona	4
digger	15
crow	13
cheer	6
karma	6
tata	4
tang	12
hardship	6
tune	8
walk	5
gwen	3
gram	15
len	2
interrupt	5
adam	3
swell	5
hale	8
cobb	2
calendar	8
vicki	3
lest	8
peculiar	8
standard	8
foam	15
russo	4
plume	14
teach	7
northeast	11
cannot	8
flame	15
risk	6
canal	11
chin	15
beacon	15
disturb	5
withdraw	5
paul	3
barker	4
skater	7
rest	8
lulu	4
dieter	14
booker	10
governor	8
mile	8
twilight	15
benefactor	10
bomb	6
extinct	15
spaceship	14
amp	15
hatch	11
crude	15
implement	5
ella	14
oak	15
import	8
nelson	3
sleep	11
pig	13
valid	8
shutter	5
georgetown	4
loud	6
soul	9
default	5
breeder	13
qing	1
syrup	12
pigeon	13
stamped	8
man	10
croft	11
commend	6
goblin	10
sieg	4
boy	10
drama	6
through	8
ra	2
fact	8
overhead	8
hall	11
stink	6
grip	6
enact	5
unbroken	8
pianist	9
usb	3
dwarf	15
cock	13
scrub	15
costa	2
champaign	12
raw	5
har	2
ju	1
gut	6
department	8
priori	14
squint	6
web	8
hostel	11
swan	13
nara	4
sap	15
grader	7
attempt	7
blackout	8
emerald	15
tiger	13
sack	5
miller	4
major	8
bill	6
neuron	14
ba	2
bias	6
mormon	10
yan	1
motorsport	7
chicago	3
cum	6
mercer	4
abe	4
is	8
enter	5
develop	5
shock	6
dirk	3
glenn	3
togo	4
sedan	11
mute	8
multi	8
ike	2
lava	14
nobleman	10
slogan	6
waterfront	11
rodent	13
mig	2
csi	3
name	8
worth	8
nix	5
duncan	3
peasant	10
avant	9
hymn	9
cappella	9
ned	2
intent	7
norway	4
crest	8
tito	3
enamel	15
hem	15
fritz	8
stench	15
mark	8
headlight	11
told	6
korean	3
glacier	11
whoa	6
outing	7
swept	7
sociologist	10
christian	10
gain	5
cheung	1
merit	14
bam	6
potassium	14
pawn	7
herbert	4
crowd	7
oz	15
atop	8
ga	2
defect	6
nassau	4
dim	15
cher	2
morrison	3
empower	5
sanskrit	4
bankrupt	8
repeal	5
byte	15
launder	10
baba	4
contact	8
ile	2
aerial	11
warren	11
ferrari	4
rome	4
sergeant	11
bacteria	14
archaeologist	10
punish	10
chronic	14
plaster	15
di	2
inca	4
clad	15
triumph	7
dispatch	8
chapter	6
liken	8
new	8
ek	1
shade	15
spice	12
sudden	8
eldest	10
hopeless	6
gradient	14
theorem	10
hagen	4
uv	2
therefor	6
ideal	8
cello	9
tropic	11
sufi	4
tong	1
aspen	15
parkway	11
solvent	15
craftsman	10
fiat	6
region	11
unfit	6
off	8
gia	2
dalton	4
park	11
vow	8
sung	9
chan	1
choral	9
wider	8
govern	8
statehood	10
each	8
mandi	4
her	10
fulton	4
alf	4
campo	2
coma	14
zoo	13
tia	4
fingernail	15
confer	5
mother	10
badminton	7
librarian	10
plan	6
poe	2
petersburg	4
hasn	6
clayton	3
regan	4
worn	15
bing	1
shoe	15
soda	12
adrian	3
preview	6
violin	9
speedway	7
resort	11
artwork	15
beach	11
madonna	3
regina	4
eaten	5
silva	3
grade	15
aria	9
convey	5
minor	8
growl	6
gay	10
nascar	3
adapt	5
ident	2
clip	6
bolt	5
auditorium	11
midwest	11
nun	10
loan	8
graph	6
polk	4
protocol	6
heron	13
cheney	3
persist	5
follow	5
guinea	4
usa	3
statement	6
care	14
widen	5
fray	7
atrium	11
letter	6
ricardo	4
overhaul	5
counter	5
flair	6
cigar	15
anthropologist	10
rabbit	13
riley	3
breadth	8
for	8
cooper	4
lever	15
columbia	3
akin	8
opium	12
knowl	4
similar	8
absent	8
starboard	11
victim	10
nitrogen	14
makeshift	8
bruno	3
amazon	3
shrine	11
tap	5
eyelid	15
theresa	4
lick	5
malaysian	4
tee	11
nation	8
lent	8
calcium	14
cab	11
seek	8
stein	12
humid	15
ibn	4
deposit	8
motion	8
carey	4
redskin	4
astronaut	14
straight	8
resurrect	5
catalog	8
river	11
wrought	8
jerusalem	4
screw	5
commando	11
wisdom	6
beg	8
greta	10
number	8
weston	4
crave	5
visit	7
wed	10
forehead	15
tango	9
steer	5
nomad	11
pickup	11
blackish	15
amir	10
wiley	4
tim	3
bourbon	12
barrier	8
utopia	6
doorstep	11
dozen	8
meant	8
cook	15
cann	4
attract	5
merger	8
wan	2
dover	4
tractor	11
fell	5
treason	10
meek	8
neutron	15
ahead	8
grandma	10
iceland	4
stairway	11
lover	10
fernando	3
begin	8
millennium	6
bob	15
killer	10
healer	10
edward	3
rani	4
raider	10
clearer	8
beef	12
mecca	11
drew	5
denmark	4
freud	4
prolong	5
group	7
hello	6
phantom	8
printer	15
tonic	5
sofia	4
fey	10
ul	4
paso	9
cleveland	3
gunshot	15
rot	15
doesn	6
maxim	6
chess	7
trent	3
san	1
pixel	15
falter	5
investor	8
ill	6
breakfast	12
yue	1
burn	15
echo	6
swat	5
refuge	11
grim	6
desktop	15
nur	2
deficit	8
allah	4
proof	6
renown	7
hammond	4
marilyn	4
textual	14
cullen	4
sting	7
jewish	3
joshua	3
vill	2
eas	2
smile	6
pittsburgh	3
rope	15
bank	8
flash	15
wee	4
mob	10
hermit	11
familiar	8
oregon	3
toxin	15
simpson	3
cinderella	6
phoenix	6
archdeacon	10
myriad	8
sara	3
vowel	6
hare	13
pentagon	3
vegetarian	12
wavelength	14
oust	10
rust	15
lund	4
blossom	5
syn	2
mundo	2
dean	10
node	15
awaken	8
relaunch	8
referendum	8
romeo	4
saudi	3
lex	2
fig	12
glow	15
shell	5
shed	5
abbot	10
befriend	10
handcuff	5
gabriel	4
tracker	8
cluster	8
panda	13
colleen	4
faster	8
undertaken	5
mason	10
club	7
eros	10
tint	15
half	8
carrier	11
morgan	3
distress	6
liquor	12
fed	5
station	11
fork	5
nave	11
mao	1
magma	14
dudley	4
battlefield	11
susan	3
miner	15
paperback	6
stream	5
desert	11
bunk	11
rick	3
playwright	6
dweller	11
tailor	5
snyder	3
childhood	10
eager	8
howe	4
gaelic	4
strengthen	5
defeat	7
turkey	12
queen	10
chester	3
dragon	10
peyton	3
pandit	4
serum	14
xbox	15
angela	3
trader	8
reef	11
trio	7
pennant	7
sanjay	4
scheme	6
syrian	4
guitar	9
yeast	14
spinal	15
david	3
da	2
wo	3
relief	11
vincent	3
iraqi	3
pull	5
concert	7
doll	11
yemen	4
the	8
neck	15
bribe	10
under	8
gardner	4
household	10
friday	3
biomass	15
slice	12
cord	15
muller	4
electromagnet	15
villain	10
solomon	4
murmur	6
heartland	11
metadata	14
eastbound	11
opt	7
stella	4
robber	10
yank	5
distraught	6
va	2
boiler	15
ran	5
wood	15
consider	5
lac	4
dip	5
dora	4
beaux	2
gorilla	13
lago	4
tack	6
decent	8
silent	8
logic	14
lamb	12
pilgrim	11
presbyterian	4
suit	8
sight	8
og	2
reacher	5
dial	8
repress	10
point	8
transform	5
doe	13
ida	4
remain	5
plot	6
grandpa	10
transplant	14
vassal	10
women	10
junk	15
catholic	10
jail	10
leah	3
salad	12
felt	6
chunk	8
plain	8
digit	8
pedal	11
damn	6
professorship	10
saul	4
cain	3
dish	12
tire	11
research	8
staunch	10
pit	7
cubic	14
afro	15
driver	11
spotlight	6
have	8
bio	8
real	8
trail	11
person	10
highway	11
sunset	15
sodium	14
moscow	4
primal	10
industrialist	10
muir	4
pol	10
neither	8
implicit	8
model	6
app	15
government	8
geek	10
fingertip	15
tomato	12
cancer	14
ana	2
calm	8
album	9
siren	8
output	5
curious	6
en	2
cleans	15
shin	15
militia	10
fortress	11
brit	2
onto	8
yu	1
invalid	8
pilot	11
wast	2
consist	5
gang	10
inter	7
porcelain	15
pardon	10
philip	3
friction	6
concept	6
coco	12
um	6
isla	2
sat	5
shrub	15
violet	15
stil	2
brass	15
surround	5
ticket	7
clasp	15
detector	15
synonym	6
sera	14
perform	5
tao	1
grave	11
tattoo	15
ufo	4
buena	2
trek	7
clergyman	10
elk	13
assist	5
tex	2
thunder	6
asylum	10
huff	15
script	6
fi	2
vitro	14
gun	15
iron	11
abba	4
abort	5
blue	15
tide	8
flavor	12
prose	6
inlet	11
theater	6
background	6
open	8
outbreak	14
kristin	3
hart	2
object	15
veronica	4
sergio	3
clap	6
melinda	4
all	8
bug	14
warmth	6
razor	15
grime	15
mic	15
turn	5
ci	2
mor	2
madeira	2
birch	15
cheaper	8
green	15
mislead	10
stage	8
python	13
area	11
dead	6
mistress	10
bo	2
market	8
patrol	10
brooklyn	3
bathroom	11
paulo	4
wife	10
com	3
mala	4
post	8
ashok	4
basket	7
huge	8
servicemen	11
cloud	15
downtown	11
timer	15
england	3
known	8
carson	3
cleric	10
ru	2
tube	15
glove	15
broadband	15
search	7
matt	15
collector	15
holland	3
bite	5
hudson	3
encrypt	15
nothin	6
jean	15
pri	2
randolph	4
grover	4
tamara	4
chico	2
tian	4
lifeboat	11
oakland	3
explicit	8
heroism	11
sept	3
fade	5
tore	5
walsh	3
blackburn	3
dark	15
seventh	8
bye	7
inferno	6
forgot	6
karat	15
magnesium	15
forecast	8
exhaust	11
como	2
ud	4
disrepair	15
batter	7
fran	2
flank	7
widespread	8
closet	11
cantata	9
moos	6
drape	5
pale	15
rhyme	6
mir	2
mai	2
wicket	7
usc	3
humanoid	10
everett	4
pang	6
virginia	3
adjust	5
lou	3
coach	7
environment	8
reuben	2
ox	13
erin	3
memorandum	6
adi	4
sprang	5
bless	10
pathway	8
catfish	13
bourn	4
prefix	6
comprehend	5
quiet	8
sophia	3
vin	2
newest	8
mario	15
ben	4
isn	6
fun	6
fellowship	7
woo	5
archway	11
tudor	6
shoulder	15
probe	10
hugh	2
cockpit	11
dolor	2
roof	11
hunch	6
clown	6
ask	6
stump	5
emit	15
bavarian	4
nonetheless	8
fifteenth	8
indiana	3
seo	4
lindsay	3
roe	13
inform	5
seafood	13
zionist	3
successor	10
vida	2
void	5
diet	14
stark	8
worm	14
snake	13
loosen	5
maison	2
francisco	4
basalt	15
cuckoo	13
penal	6
honda	4
maj	2
islamist	3
bouquet	15
zip	15
glisten	15
gallant	6
heel	15
mount	5
outlet	6
ucla	3
walton	3
saw	8
beard	15
firearm	15
whale	13
afford	8
epsilon	14
breach	10
copyright	8
hunt	7
hockey	7
kata	7
into	8
restraint	6
seamen	11
dani	3
mega	8
trap	11
heard	6
ordain	10
confront	5
forearm	15
pastor	10
pakistani	3
gaza	3
awe	6
portfolio	8
bot	14
grass	15
shelter	11
sperm	10
tub	15
stock	8
haul	8
junta	10
physic	14
son	10
rejoin	5
omega	14
jurist	10
sharif	4
staff	8
map	6
modular	15
shawn	2
dust	15
harden	5
overboard	11
thinner	8
sumo	7
emerson	4
piper	4
snoop	5
stern	6
charger	15
weird	8
sheridan	4
befor	2
pub	11
patrick	3
bali	4
deform	5
wildcat	11
rom	3
marvin	3
feel	6
liter	15
advisor	10
pee	5
roll	5
sandwich	12
stammer	6
hurl	5
fright	6
fleet	11
amber	15
bust	7
sal	2
racer	7
savanna	11
add	5
corp	7
taken	5
conan	3
garth	4
grab	5
jockey	13
milli	14
truth	10
among	8
text	6
truce	8
fuller	8
compressor	15
tract	11
vivid	8
donor	14
opera	9
ballot	8
belfast	3
selena	3
sacrament	10
ae	2
africa	3
miser	10
optimist	10
crook	10
reckless	6
nike	3
knew	6
ymca	8
bel	2
judo	7
gibson	3
ginger	12
foot	11
symptom	14
flag	15
dy	2
ed	2
altar	11
ninth	8
poll	6
hyderabad	4
hotter	15
ipad	15
million	8
dot	15
patient	14
mare	13
queue	7
result	8
contend	6
weak	8
scotland	4
carolina	3
bengali	4
gabe	4
student	7
battleship	11
strikeout	7
cia	3
tad	8
wipe	5
colombia	4
neighbor	11
alan	3
leach	15
strain	6
parson	10
flush	5
loss	5
rebuild	5
ex	10
great	8
aux	2
refuel	11
causeway	11
compress	5
edgar	3
stoke	5
phil	3
accord	8
hazard	6
driven	8
dil	4
trench	11
keen	8
aero	7
while	8
breed	13
stomp	5
asset	8
red	15
wu	1
carpet	11
karl	4
harder	8
broadway	3
portion	8
third	8
whether	8
eng	2
donna	3
nad	4
put	5
moroccan	4
ago	8
conqueror	6
eric	3
cabin	11
tom	11
lake	11
tramway	11
saint	10
rose	5
peel	5
hiv	14
flip	5
penguin	13
comeback	7
trumpet	9
li	2
libel	8
desk	11
plymouth	4
rape	6
envelop	15
drop	5
lift	5
webster	3
boyfriend	10
suffix	6
zeta	14
hui	1
airport	11
buffer	8
affirm	5
owen	3
fei	1
smart	8
sad	6
spokesperson	10
vatican	3
denver	3
entrust	5
fang	15
volcano	14
rag	15
softer	8
part	8
mclaren	3
roam	5
terra	2
seat	7
backup	5
robertson	4
kernel	15
chalk	15
turmoil	6
belgium	4
holt	3
israel	3
lose	5
beau	10
lima	2
father	10
cha	2
stucco	11
hoax	6
java	3
compassion	6
messiah	6
prof	10
flight	11
warmer	15
racist	10
jumper	7
suzuki	4
faith	6
garland	15
hide	10
braun	4
pak	4
warlock	10
glasgow	4
backyard	11
blitz	6
cone	15
cafe	11
tweed	15
august	8
trey	7
gui	3
instead	8
format	6
luck	6
liar	10
channel	6
bowl	12
nikki	3
stroll	5
diablo	4
annoy	10
clerk	10
bound	8
teeth	15
tibet	4
ammonia	15
contest	8
un	6
crawford	3
taut	5
aime	4
maya	4
friendship	6
champ	7
secret	10
oxford	15
xu	4
vie	5
makeup	15
timber	15
ow	2
waterway	11
tensor	14
norfolk	4
ussr	4
order	8
mandolin	9
prevent	5
aunt	10
coleman	3
attach	5
arjun	4
chill	15
genera	15
dice	7
cornerback	7
zenith	8
cola	12
danish	3
mourn	6
flashlight	15
scope	8
yoga	7
kitchen	11
whose	10
shout	6
cling	5
amulet	15
rebuilt	5
jade	15
amelia	4
te	2
connect	5
warrior	6
button	15
clinton	3
pro	10
farm	12
garlic	12
magic	6
antagonist	10
brighten	15
madison	7
mono	7
strict	8
toast	12
throat	15
effort	7
prior	8
excess	8
boat	11
dealt	5
old	10
input	5
straw	15
orient	5
recruit	5
white	15
justin	3
col	4
kung	1
fern	15
wakefield	4
stain	10
traitor	10
toe	15
grasp	5
physicist	10
blackmail	10
nonlinear	14
parent	8
over	8
hard	8
idaho	3
alto	9
flu	14
lowest	8
caf	11
countless	8
hell	6
plate	7
armchair	15
prix	3
sum	8
hurt	5
flawless	8
butt	6
plum	12
une	2
mule	13
max	8
chopper	11
sydney	3
cid	11
goal	7
viral	6
return	5
branch	8
handel	4
heaven	10
jonathan	3
pagan	10
duel	6
sherlock	4
aura	6
discuss	6
panther	13
kumar	4
fire	6
premium	8
ascent	7
connecticut	3
longest	8
buffalo	13
otto	4
dusk	15
sky	15
heal	5
de	2
vent	15
ian	6
zhang	1
sink	11
honest	6
unpopular	8
dictatorship	10
spanish	3
assign	5
cosmic	10
astro	8
yesterday	8
brotherhood	6
medalist	7
smallpox	14
situ	14
triad	1
steep	8
length	8
acronym	6
libyan	4
juno	4
abraham	3
viewpoint	6
unveil	8
petit	2
poor	11
rule	6
sip	5
richter	4
lux	14
linen	15
carrot	12
warner	3
found	8
enjoy	5
fiction	6
philanthropist	10
past	8
mortar	15
stack	8
stat	6
child	10
guru	10
pasha	10
corner	8
partisan	6
show	8
fairfax	4
cardiac	14
secular	10
leo	2
bolton	3
kin	10
hub	11
kai	1
newsweek	4
impact	5
loot	10
sloop	11
unrest	6
appetit	4
spent	5
comedian	6
coastal	11
doctor	14
ripe	15
strip	5
till	8
profess	6
fourteenth	8
taller	11
ur	2
cargo	11
aston	4
mccain	3
onset	6
cellular	15
suppress	10
bray	6
darwin	3
listen	6
gala	7
bazaar	11
southland	11
el	4
sunlight	15
beforehand	8
reflect	5
kappa	14
grew	5
roland	4
toad	13
squid	13
warship	11
us	8
loco	4
wisconsin	3
use	8
cayman	4
reason	6
mafia	10
marion	4
lone	8
roc	4
alma	4
nu	2
canteen	11
harp	9
halo	15
pointless	6
first	8
lambert	4
dea	2
calcutta	7
ind	2
normal	8
lithium	15
turbo	11
often	8
grand	8
gil	1
somewhat	8
adorn	15
peanut	12
forest	11
firefight	11
rail	11
shifter	11
politician	10
dan	4
spike	5
elliott	3
sargent	4
creator	10
manner	6
wealthiest	11
doc	2
europa	4
trolley	11
tent	11
sea	11
pike	11
exceed	5
kat	4
sucker	5
crossroad	8
himalayan	4
van	11
mine	15
amalgam	6
clan	10
ball	7
scarlett	3
closer	8
wang	1
slave	10
kneel	6
esa	2
stallion	13
lear	4
badger	5
rudder	11
oneself	8
basic	8
vienna	4
breaker	5
index	6
joey	13
blood	14
ve	2
kang	1
network	6
bad	6
ah	6
win	7
du	2
truss	15
preston	3
bowler	7
cramp	14
cartel	10
molten	15
scottish	4
undergo	5
wet	15
girlfriend	10
garrison	11
waterloo	6
pueblo	11
helmet	15
fe	2
tomb	11
less	8
international	8
campaign	6
marker	11
eve	8
latter	8
mound	7
oct	3
becaus	2
surreal	8
claudia	4
out	8
dodger	10
shaw	3
boyd	3
rebrand	8
hari	4
kam	4
allegro	9
britney	3
kingston	4
travers	4
sheppard	4
shall	8
seymour	3
methyl	14
express	5
hopper	15
swim	7
oversea	8
gangster	10
tokyo	3
disrupt	5
gore	9
elf	10
ralph	3
huey	4
peck	6
yard	7
nic	2
persona	6
version	6
ava	4
frank	6
lo	6
sniper	15
grit	6
jensen	4
outdoor	11
americana	15
gotta	6
neat	8
novella	6
regal	10
dare	5
ribbon	15
jeep	11
rae	1
denial	6
level	8
mama	10
neg	2
led	8
nate	3
luce	4
popcorn	12
creek	11
himself	10
doubt	6
invest	5
annum	8
bear	5
darren	3
nik	2
italian	3
rex	15
ecuador	4
nil	7
constraint	6
starter	7
whom	10
jo	2
compound	14
richmond	3
nineteen	8
vivian	4
serbian	4
porter	10
folder	15
egg	12
samurai	10
nude	15
indict	10
muslim	3
drink	12
tomorrow	8
marsh	11
tone	6
soldier	11
spider	13
in	8
mister	4
malaria	14
happier	8
chevrolet	4
jock	10
rocker	9
pet	13
dawson	3
clay	15
raju	4
bu	2
wax	15
slain	6
donovan	3
steel	15
debut	7
entrepreneur	10
null	8
stole	10
argent	4
ryu	4
wherein	6
jeff	3
say	6
passageway	11
nightstand	11
fan	7
meal	12
bikini	15
snail	13
sheen	15
austin	3
ha	1
graphic	15
veil	10
dollar	8
slayer	10
bassist	9
dev	15
glen	11
late	8
rico	2
aim	7
norman	3
rook	7
prefer	7
recommend	5
speechless	6
evergreen	15
mall	11
moment	8
banish	5
camilla	4
wrong	6
arabian	4
beth	3
harmonica	9
sens	2
stagecoach	11
press	6
towel	15
diocesan	10
lifelong	10
dong	1
collier	4
fitch	3
mele	4
kwan	1
next	8
ambient	9
bid	8
pain	6
slide	5
simpler	8
blizzard	6
too	8
dauphin	2
smaller	8
brazil	3
psychiatrist	14
kota	4
deux	2
nonstop	8
sven	3
chrysler	4
client	8
inhuman	6
min	2
overrun	5
nightclub	11
kay	1
binocular	15
taylor	3
quaker	4
modernist	10
tome	6
cross	8
sharma	4
banana	12
jong	1
elm	15
skinner	4
owe	8
overlook	6
pakistan	3
juan	3
step	5
jason	3
prasad	4
plural	6
live	5
useless	6
dale	2
swipe	5
geoff	3
ponytail	15
build	5
registrar	10
prize	7
toni	3
kill	5
plight	6
urgent	8
notebook	15
mandarin	12
viola	9
mouth	15
goeth	10
cy	2
kingdom	10
strand	15
asian	3
motif	6
weber	3
axial	14
bard	10
screen	6
dublin	4
amateur	7
milo	12
albert	4
demon	10
wellington	4
prop	5
kaiser	2
social	8
tornado	6
underwood	4
optic	15
soto	4
havoc	6
pearson	4
chancellor	10
nixon	3
ballad	9
specimen	15
vodka	12
kristen	3
insert	5
profound	8
cynthia	4
revel	5
elizabeth	3
rug	11
dharma	4
children	10
hill	11
window	11
warwick	4
cheek	15
ionic	14
singular	8
diploma	7
rower	7
finley	4
context	6
imam	10
sparrow	13
whiskey	12
water	11
stretch	8
buyer	8
beaver	13
veto	8
bipolar	14
dion	4
templar	4
knockout	7
comfort	6
constant	8
lyricist	6
nuclei	14
shrill	6
jump	5
potato	12
dax	4
vermont	4
round	7
pear	12
border	11
cougar	13
classroom	7
work	8
shield	5
paragraph	6
accomplish	5
smoke	15
bred	13
autism	14
palestinian	3
look	8
mascot	15
funk	6
wah	2
subscript	14
santana	4
magnolia	15
bun	12
serpent	13
asher	4
bile	15
lineup	7
said	6
rhea	4
pneumonia	14
kite	11
nathan	3
drive	8
captain	7
derrick	11
clark	3
galley	11
em	6
lock	5
lame	6
wrap	5
bro	2
insight	5
kind	8
gordon	3
scan	15
royalist	10
sylvia	3
stool	15
bachelor	7
brighton	4
stunt	6
nickelodeon	6
fetch	8
lair	11
siberian	4
android	10
blacksmith	10
compass	15
patriot	10
wanna	6
leroy	4
butter	12
franklin	3
goldman	4
vidal	2
slack	5
bucket	7
airfield	11
mein	1
fair	8
sue	8
content	8
schultz	4
sock	15
terror	11
zipper	15
cumberland	4
impromptu	8
iv	2
knelt	6
quad	7
law	6
bal	2
soundtrack	9
shelley	4
spit	5
memoir	6
spat	6
player	7
ski	7
bay	11
arch	11
underneath	8
mustard	12
augment	5
jedi	4
burial	11
junction	11
lord	10
lester	3
und	2
factor	6
phillip	3
lu	1
pump	5
jenna	3
consul	10
hogan	11
hawaiian	4
casket	11
andrea	3
topic	6
transact	5
space	8
ruth	3
alba	15
disregard	6
thu	2
cuba	3
dex	3
witch	10
baronet	10
nsa	2
qi	14
pumpkin	12
czech	4
giro	4
bravo	6
hose	15
pin	15
hampton	4
mantra	6
suspicion	6
equilibrium	8
marino	4
angelina	3
lend	8
acclaim	7
gig	7
grandson	10
ap	2
herman	3
widow	10
courier	11
lurch	8
summer	8
rock	9
coil	15
surveil	5
bet	6
hydrogen	15
pattern	8
handler	13
iii	2
backlash	6
lama	10
partial	8
pulpit	11
colder	15
attic	15
santa	4
chu	1
shirt	15
pen	15
huang	1
mina	4
franco	2
geologist	10
barcelona	3
duck	13
churchyard	11
ad	6
trinidad	3
keith	3
perez	3
piedmont	11
dune	11
arizona	3
thicker	8
sweep	7
compliant	5
latest	8
gnome	10
lie	10
lesser	8
humor	6
cryptic	6
whip	5
upward	8
wasn	6
hanna	4
colombian	4
mesh	15
trait	6
pier	11
day	8
beaten	7
aircraft	11
snarl	6
georgian	4
preacher	10
moor	11
mum	10
rosario	4
skeptic	10
dresser	11
shang	1
inflict	5
telenovela	6
funnel	5
richer	11
pop	9
wa	4
dismay	6
chad	4
date	8
sharp	8
belief	6
edict	6
inc	2
bryan	3
wander	5
benton	4
pa	2
beech	15
york	3
grind	5
tal	2
somber	6
famous	8
mutter	6
wound	5
cessna	4
loyal	10
willow	15
aspect	6
teas	12
playground	11
award	7
scissor	15
clit	10
extent	8
skip	5
preach	6
everyday	10
dire	6
compliment	8
appendix	6
neutral	6
antigen	14
charlton	3
laird	10
dreamer	6
parlor	11
lynx	13
torn	5
na	1
vinyl	15
pseudonym	10
foo	3
quota	8
loaf	12
cyber	14
mer	2
harvard	3
harrison	3
switch	5
lew	4
sketch	15
expressway	11
reindeer	10
loop	15
zhou	1
previous	8
roy	3
por	2
honor	6
tanker	11
median	6
hansen	3
appoint	5
maintain	5
gather	5
spectrum	8
bond	10
mimic	5
penn	3
brought	5
taekwondo	7
forgiven	6
rout	7
breakthrough	7
oval	7
cheat	10
rama	7
mayhem	6
pack	4
glad	6
easier	8
couldn	6
shear	14
semi	7
thirteen	8
bat	7
kathleen	3
vane	14
nepal	4
brute	10
pave	5
claus	4
horn	9
joseph	3
simplest	8
sword	15
appeal	8
inner	15
splinter	10
detect	5
somali	4
comparison	8
strongest	8
lawsuit	8
mae	2
serv	2
temper	15
celtic	4
eastern	11
actual	8
ate	5
arboretum	11
dug	11
june	3
vile	6
jan	3
tess	4
cliff	11
torch	15
tsunami	6
baker	10
puff	15
jewel	15
contrast	8
maxi	11
corn	12
term	8
sought	8
goa	2
allen	3
tracey	4
leaflet	6
boon	6
rod	15
obstruct	5
ransom	10
sweat	5
diana	3
threshold	8
amnesia	14
bracket	7
morton	4
approach	6
cavern	11
antonio	3
upheld	5
forum	7
current	8
tile	11
nervous	6
rotor	14
gamma	14
ballard	4
footstep	8
spirit	6
retreat	8
feudal	10
incorrect	6
convict	10
helpless	6
dashboard	11
rebel	10
event	8
vine	12
runoff	8
flea	11
abstract	15
mainland	11
janet	3
chant	6
panic	6
loom	5
maverick	10
jimi	4
ireland	3
dolphin	13
slavic	4
devote	5
drummer	9
fbi	3
courtney	3
springer	13
brenda	3
baldwin	4
bengal	4
victoria	3
protector	10
vernacular	6
mural	15
heavyweight	7
quartz	15
samson	4
jefferson	3
roar	6
ming	1
there	8
decay	15
fai	1
jog	5
sidewalk	11
seed	7
ee	2
habitat	11
saddam	3
fisher	13
whitehead	4
relinquish	5
camera	15
chat	6
gravel	15
prison	10
fen	1
oversight	8
guerrilla	10
gurney	15
proprietor	8
wade	11
mania	6
lawn	11
sonata	9
catchment	11
unison	6
barrio	11
inch	11
essay	6
shaman	10
marco	3
given	5
salmon	13
labyrinth	11
bought	8
lennox	4
whimper	6
wrath	6
bender	14
hon	4
blanc	2
whore	6
evangelist	10
former	10
star	6
ware	15
laker	11
bristol	4
canon	6
lace	15
tighter	8
larva	14
ventral	14
longer	8
also	8
lobster	13
dementia	14
fisherman	13
prohibit	5
someday	8
abc	2
prequel	6
charm	6
caller	8
futurist	10
wagner	4
exploit	5
shiver	6
dealer	8
three	8
nano	14
island	11
choi	1
roadway	11
testament	8
raleigh	4
maze	11
intuit	5
hoc	2
vera	3
orlando	3
wild	11
graze	5
lei	1
litter	15
yorker	7
smear	10
commission	8
frail	6
pot	12
carlton	3
surrey	11
aback	5
harmon	4
rival	6
whole	8
nevertheless	8
princeton	4
buck	8
rec	11
locker	11
chase	7
sovereign	8
gym	11
psalm	10
turner	4
daemon	15
here	8
nero	3
wasp	14
record	8
goldsmith	10
knee	15
soon	8
april	3
hanson	4
pivot	7
que	2
bench	7
maia	3
passport	10
ownership	8
chavez	3
gaunt	6
northeastern	11
titan	8
einstein	4
wear	15
wimbledon	3
reform	5
fungi	14
almost	8
odd	8
trevor	3
homer	7
distal	14
lookout	8
greed	6
pe	2
cool	15
biscuit	12
vital	8
rhino	13
treat	14
twin	7
die	5
lacey	15
playoff	7
world	8
far	8
jack	5
libretto	6
sportsman	7
verb	6
sandal	15
chord	15
rivera	4
keller	4
casper	4
place	7
broker	8
growth	8
condom	10
depth	8
misunderstand	6
frown	6
tampa	3
brick	11
hay	12
agenda	6
instruct	5
reunion	7
dens	11
ok	6
calf	15
face	5
flaw	6
earn	5
retain	5
load	8
stronghold	11
yun	1
jericho	3
benefit	5
remodel	5
savannah	11
improv	6
habit	8
putin	4
harley	4
framework	6
lane	11
ut	2
artist	10
straightforward	8
macro	14
caught	5
invent	5
valet	11
sloan	3
dental	14
ponder	6
concord	6
gallo	2
abolitionist	10
virgin	10
hut	11
aw	2
hat	15
stupid	6
overtook	5
essex	4
eel	13
stun	7
vote	8
ethiopia	4
blush	6
cut	5
hawaii	3
ink	15
pan	15
salon	15
par	11
battalion	11
overnight	8
prep	7
vain	5
split	8
bow	5
semiconductor	14
lynch	10
montreal	3
truck	11
reign	7
assassin	10
insult	10
transit	11
rustic	11
rev	5
bequeath	5
witchcraft	10
comic	6
werewolf	10
johnson	3
tight	8
overgrown	15
twelfth	8
patch	5
inferior	8
inn	11
profit	8
triangular	7
score	7
bi	7
tel	2
ito	1
yacht	11
jin	1
melvin	3
hilt	6
inning	7
cinnamon	12
luka	3
rabbi	10
sequel	6
ethanol	15
yang	1
we	8
where	8
resin	15
cold	15
afghanistan	3
eta	2
capcom	4
further	8
ethnic	10
respect	6
manifesto	6
wave	8
leader	8
heroic	11
english	3
louder	6
artefact	15
thinker	10
madman	10
guido	4
don	15
british	3
full	8
lax	8
bastard	6
tempt	5
employ	5
vessel	11
burgess	4
aground	11
cupboard	11
puerto	4
whi	2
farmer	12
cloak	10
dixon	4
domain	8
auburn	15
fide	2
slim	5
pavement	11
bungalow	11
flick	6
strong	8
equal	8
gasp	8
comet	14
var	3
radar	11
redesign	15
extract	5
mississippi	3
pope	10
libertarian	10
prime	8
thompson	3
poke	5
fight	5
silk	15
side	8
transient	14
darker	8
mba	2
dung	13
clench	5
mustang	13
overshadow	5
scar	15
stem	5
pour	5
liz	3
lin	2
spoil	5
micro	14
hack	14
dough	12
halt	5
sahara	4
mon	2
sidekick	10
drove	5
pajama	11
checkpoint	11
float	5
somerset	4
utter	8
phone	8
kelsey	4
slight	8
swift	8
corridor	11
owl	13
miami	3
barb	6
repay	8
idol	6
tay	2
reid	3
seller	8
slope	11
glee	6
strive	8
spark	5
india	3
uta	4
tori	4
kidney	14
cheap	8
peg	5
mace	15
broom	15
with	8
kiev	4
nat	2
manson	4
devi	4
treatment	14
squirrel	13
marko	4
must	8
ultrasound	15
jess	3
nigerian	3
outspoken	10
joker	6
breakaway	7
ride	7
northward	11
coward	10
my	8
yoo	2
portal	8
inhibit	5
kendra	4
bombard	5
cobalt	15
restless	6
disconnect	5
naga	4
bingo	7
cynic	10
storm	6
cater	5
urban	11
thrash	5
reopen	5
smarter	8
gunmen	11
stuff	8
cute	8
formula	6
sworn	8
anyway	8
stop	5
vest	15
tribal	10
know	6
imperfect	8
play	7
bandit	10
pool	11
moonlight	15
indu	4
papa	10
skate	7
proto	6
pedro	4
touch	8
saber	7
dorsal	14
embed	5
felix	3
bloc	10
zach	3
arabia	4
bypass	11
buzz	6
lordship	10
anita	4
travel	7
wwe	3
imprint	8
basil	12
kenya	3
monk	10
thailand	3
shallow	8
dei	2
noon	8
kala	4
chow	12
hand	8
rigor	6
loft	11
frankfurt	4
syntax	6
telugu	4
marathon	8
rebound	7
spectacular	8
gestapo	3
kyle	3
just	8
sewer	11
milton	4
pouch	15
uh	6
woke	11
ditch	5
curios	15
dope	12
modern	8
fra	2
hors	4
plane	11
stimuli	14
wake	8
enlist	5
money	8
huh	6
sand	15
gee	6
artisan	10
bitch	6
wind	6
rematch	6
viceroy	10
finland	4
lean	5
amend	5
brighter	15
understand	5
sant	4
bout	7
partner	8
chop	5
basilica	11
cardiff	3
trip	7
niagara	4
finger	15
awkward	8
winger	7
represent	5
dessert	12
wine	12
fu	1
nigel	3
cours	4
bitten	5
dragoon	4
ou	2
tasmanian	4
allan	3
manifest	8
male	10
la	6
scoot	5
holiday	7
character	10
edo	4
mango	12
kurdish	4
rey	2
childless	10
din	6
ethel	4
cpu	3
geo	8
chick	10
debra	4
alli	14
censorship	8
ratio	8
haji	4
blanca	2
sound	6
motel	11
obsidian	15
regatta	11
stalin	4
socket	15
pendulum	5
mental	14
mori	4
illicit	10
paranoid	6
insist	6
wynn	4
wikipedia	3
int	2
martin	3
nebula	14
thwart	5
avatar	10
cholera	14
vivo	14
waistband	15
berlin	3
bauer	4
twain	8
nope	6
belong	5
angel	10
birmingham	3
eleven	8
shepard	3
slaughter	10
he	10
mit	2
diner	11
ration	8
medina	11
aristocrat	10
harrow	5
box	6
chapel	11
such	8
men	10
boss	10
catch	5
posterior	14
motto	6
matter	8
fresco	15
empress	10
center	8
seal	5
ion	14
margin	8
shard	15
buchanan	4
fae	4
bird	13
competitor	6
prayer	10
understood	5
mat	15
no	8
acacia	15
north	11
ghetto	11
division	7
much	8
on	8
wow	6
alaska	3
bellow	6
feud	6
spawn	11
fluent	8
mara	3
sacramento	3
task	7
instructor	7
twentieth	8
sigh	6
aj	2
darkest	8
shown	8
power	8
sierra	2
toy	11
firth	11
soup	12
court	8
newt	13
confess	6
peterson	3
spoke	6
after	8
ev	2
manual	6
det	2
gone	5
hank	3
lee	2
migrant	10
leash	15
okay	6
flyer	6
within	8
kim	2
alcohol	12
higher	8
liam	3
unfair	8
foreman	10
iran	3
von	2
blanco	2
rise	5
slab	11
napkin	15
second	8
thatcher	4
cast	6
faction	10
anderson	3
auto	11
haley	3
gloria	3
expect	8
central	8
momma	10
twitch	6
builder	10
tool	6
theres	2
turret	11
spire	11
an	8
sep	2
yale	4
were	8
width	8
judgment	8
jian	1
bluegrass	9
freshmen	7
phi	14
tutor	7
ai	2
soften	5
maryland	3
sunglass	15
boot	5
cantor	10
french	3
auction	8
suv	4
englishman	4
clever	8
action	5
swam	7
flagship	8
hawk	13
yong	1
threat	6
colonist	10
neil	3
abdul	4
lack	8
labrador	13
anthem	9
momentum	6
tag	15
pageant	7
hawker	11
wednesday	3
electro	9
nec	2
ryan	3
plasma	14
lan	1
lab	8
either	8
receptor	14
evil	10
mexican	3
photograph	15
uneven	8
stadium	11
pasta	12
eastward	11
health	14
recount	8
ever	8
lay	5
viii	2
distributor	8
parliament	8
racial	10
news	6
vers	2
sculpt	7
orang	4
curt	6
instrument	15
detroit	3
mind	8
complex	8
dad	10
spore	14
uptown	11
hamper	5
cheng	1
sentiment	6
gov	3
zu	2
ukrainian	4
viscount	10
dyer	4
nolan	3
rover	14
swollen	15
southwestern	11
montana	3
virtual	8
au	2
ol	4
bai	4
amiga	3
these	8
slam	5
fitz	4
saga	6
mil	8
supermarket	11
strode	5
nose	15
wrench	15
abel	4
without	8
creditor	8
more	8
cap	15
guard	7
surgeon	14
crown	7
seaman	11
gaga	6
companion	10
railway	11
shark	13
teller	10
devin	3
radio	6
morocco	4
apron	15
heroin	12
adjunct	5
rim	7
hoover	5
bureau	10
ree	2
circuit	7
dew	6
other	8
notch	15
troy	3
cape	15
ritual	10
schneider	4
joo	1
spine	15
ture	2
upper	15
crush	5
head	10
stagger	5
shrimp	13
repair	5
pick	7
baghdad	4
piu	4
recess	8
delhi	4
gan	2
plug	5
liang	1
pose	5
tread	8
dept	3
hidden	10
lizard	13
